/home/workspace/CarND-Behavioral-Cloning-P3/data_eeshan/IMG/center_2020_05_31_16_20_33_266.jpg,/home/workspace/CarND-Behavioral-Cloning-P3/data_eeshan/IMG/left_2020_05_31_16_20_33_266.jpg,/home/workspace/CarND-Behavioral-Cloning-P3/data_eeshan/IMG/right_2020_05_31_16_20_33_266.jpg,0,0,0,2.21866E-05
/home/workspace/CarND-Behavioral-Cloning-P3/data_eeshan/IMG/center_2020_05_31_16_20_33_336.jpg,/home/workspace/CarND-Behavioral-Cloning-P3/data_eeshan/IMG/left_2020_05_31_16_20_33_336.jpg,/home/workspace/CarND-Behavioral-Cloning-P3/data_eeshan/IMG/right_2020_05_31_16_20_33_336.jpg,0,0,0,2.215658E-05
/home/workspace/CarND-Behavioral-Cloning-P3/data_eeshan/IMG/center_2020_05_31_16_20_33_411.jpg,/home/workspace/CarND-Behavioral-Cloning-P3/data_eeshan/IMG/left_2020_05_31_16_20_33_411.jpg,/home/workspace/CarND-Behavioral-Cloning-P3/data_eeshan/IMG/right_2020_05_31_16_20_33_411.jpg,0,0,0,2.263039E-05
/home/workspace/CarND-Behavioral-Cloning-P3/data_eeshan/IMG/center_2020_05_31_16_20_33_486.jpg,/home/workspace/CarND-Behavioral-Cloning-P3/data_eeshan/IMG/left_2020_05_31_16_20_33_486.jpg,/home/workspace/CarND-Behavioral-Cloning-P3/data_eeshan/IMG/right_2020_05_31_16_20_33_486.jpg,0,0,0,2.293553E-05
/home/workspace/CarND-Behavioral-Cloning-P3/data_eeshan/IMG/center_2020_05_31_16_20_33_560.jpg,/home/workspace/CarND-Behavioral-Cloning-P3/data_eeshan/IMG/left_2020_05_31_16_20_33_560.jpg,/home/workspace/CarND-Behavioral-Cloning-P3/data_eeshan/IMG/right_2020_05_31_16_20_33_560.jpg,0,0,0,2.215138E-05
/home/workspace/CarND-Behavioral-Cloning-P3/data_eeshan/IMG/center_2020_05_31_16_20_33_638.jpg,/home/workspace/CarND-Behavioral-Cloning-P3/data_eeshan/IMG/left_2020_05_31_16_20_33_638.jpg,/home/workspace/CarND-Behavioral-Cloning-P3/data_eeshan/IMG/right_2020_05_31_16_20_33_638.jpg,0,0,0,2.313402E-05
/home/workspace/CarND-Behavioral-Cloning-P3/data_eeshan/IMG/center_2020_05_31_16_20_33_717.jpg,/home/workspace/CarND-Behavioral-Cloning-P3/data_eeshan/IMG/left_2020_05_31_16_20_33_717.jpg,/home/workspace/CarND-Behavioral-Cloning-P3/data_eeshan/IMG/right_2020_05_31_16_20_33_717.jpg,0,0,0,2.218056E-05
/home/workspace/CarND-Behavioral-Cloning-P3/data_eeshan/IMG/center_2020_05_31_16_20_33_791.jpg,/home/workspace/CarND-Behavioral-Cloning-P3/data_eeshan/IMG/left_2020_05_31_16_20_33_791.jpg,/home/workspace/CarND-Behavioral-Cloning-P3/data_eeshan/IMG/right_2020_05_31_16_20_33_791.jpg,0,0,0,2.224718E-05
/home/workspace/CarND-Behavioral-Cloning-P3/data_eeshan/IMG/center_2020_05_31_16_20_33_865.jpg,/home/workspace/CarND-Behavioral-Cloning-P3/data_eeshan/IMG/left_2020_05_31_16_20_33_865.jpg,/home/workspace/CarND-Behavioral-Cloning-P3/data_eeshan/IMG/right_2020_05_31_16_20_33_865.jpg,0,0,0,2.223954E-05
/home/workspace/CarND-Behavioral-Cloning-P3/data_eeshan/IMG/center_2020_05_31_16_20_33_950.jpg,/home/workspace/CarND-Behavioral-Cloning-P3/data_eeshan/IMG/left_2020_05_31_16_20_33_950.jpg,/home/workspace/CarND-Behavioral-Cloning-P3/data_eeshan/IMG/right_2020_05_31_16_20_33_950.jpg,0,0.156636,0,0.06312809
/home/workspace/CarND-Behavioral-Cloning-P3/data_eeshan/IMG/center_2020_05_31_16_20_34_026.jpg,/home/workspace/CarND-Behavioral-Cloning-P3/data_eeshan/IMG/left_2020_05_31_16_20_34_026.jpg,/home/workspace/CarND-Behavioral-Cloning-P3/data_eeshan/IMG/right_2020_05_31_16_20_34_026.jpg,0,0.3875699,0,0.3534174
/home/workspace/CarND-Behavioral-Cloning-P3/data_eeshan/IMG/center_2020_05_31_16_20_34_101.jpg,/home/workspace/CarND-Behavioral-Cloning-P3/data_eeshan/IMG/left_2020_05_31_16_20_34_101.jpg,/home/workspace/CarND-Behavioral-Cloning-P3/data_eeshan/IMG/right_2020_05_31_16_20_34_101.jpg,0,0.6115737,0,0.8604164
/home/workspace/CarND-Behavioral-Cloning-P3/data_eeshan/IMG/center_2020_05_31_16_20_34_175.jpg,/home/workspace/CarND-Behavioral-Cloning-P3/data_eeshan/IMG/left_2020_05_31_16_20_34_175.jpg,/home/workspace/CarND-Behavioral-Cloning-P3/data_eeshan/IMG/right_2020_05_31_16_20_34_175.jpg,0.15,0.8331685,0,1.371393
/home/workspace/CarND-Behavioral-Cloning-P3/data_eeshan/IMG/center_2020_05_31_16_20_34_243.jpg,/home/workspace/CarND-Behavioral-Cloning-P3/data_eeshan/IMG/left_2020_05_31_16_20_34_243.jpg,/home/workspace/CarND-Behavioral-Cloning-P3/data_eeshan/IMG/right_2020_05_31_16_20_34_243.jpg,0.2881737,0.8997474,0,2.255574
/home/workspace/CarND-Behavioral-Cloning-P3/data_eeshan/IMG/center_2020_05_31_16_20_34_318.jpg,/home/workspace/CarND-Behavioral-Cloning-P3/data_eeshan/IMG/left_2020_05_31_16_20_34_318.jpg,/home/workspace/CarND-Behavioral-Cloning-P3/data_eeshan/IMG/right_2020_05_31_16_20_34_318.jpg,0.06273293,0.6743066,0,2.969634
/home/workspace/CarND-Behavioral-Cloning-P3/data_eeshan/IMG/center_2020_05_31_16_20_34_394.jpg,/home/workspace/CarND-Behavioral-Cloning-P3/data_eeshan/IMG/left_2020_05_31_16_20_34_394.jpg,/home/workspace/CarND-Behavioral-Cloning-P3/data_eeshan/IMG/right_2020_05_31_16_20_34_394.jpg,0,0.4459734,0,3.433624
/home/workspace/CarND-Behavioral-Cloning-P3/data_eeshan/IMG/center_2020_05_31_16_20_34_469.jpg,/home/workspace/CarND-Behavioral-Cloning-P3/data_eeshan/IMG/left_2020_05_31_16_20_34_469.jpg,/home/workspace/CarND-Behavioral-Cloning-P3/data_eeshan/IMG/right_2020_05_31_16_20_34_469.jpg,0,0.2199776,0,3.642074
/home/workspace/CarND-Behavioral-Cloning-P3/data_eeshan/IMG/center_2020_05_31_16_20_34_544.jpg,/home/workspace/CarND-Behavioral-Cloning-P3/data_eeshan/IMG/left_2020_05_31_16_20_34_544.jpg,/home/workspace/CarND-Behavioral-Cloning-P3/data_eeshan/IMG/right_2020_05_31_16_20_34_544.jpg,0,0,0,3.694338
/home/workspace/CarND-Behavioral-Cloning-P3/data_eeshan/IMG/center_2020_05_31_16_20_34_634.jpg,/home/workspace/CarND-Behavioral-Cloning-P3/data_eeshan/IMG/left_2020_05_31_16_20_34_634.jpg,/home/workspace/CarND-Behavioral-Cloning-P3/data_eeshan/IMG/right_2020_05_31_16_20_34_634.jpg,0.1,0,0,3.655101
/home/workspace/CarND-Behavioral-Cloning-P3/data_eeshan/IMG/center_2020_05_31_16_20_34_708.jpg,/home/workspace/CarND-Behavioral-Cloning-P3/data_eeshan/IMG/left_2020_05_31_16_20_34_708.jpg,/home/workspace/CarND-Behavioral-Cloning-P3/data_eeshan/IMG/right_2020_05_31_16_20_34_708.jpg,0.25,0,0,3.625586
/home/workspace/CarND-Behavioral-Cloning-P3/data_eeshan/IMG/center_2020_05_31_16_20_34_785.jpg,/home/workspace/CarND-Behavioral-Cloning-P3/data_eeshan/IMG/left_2020_05_31_16_20_34_785.jpg,/home/workspace/CarND-Behavioral-Cloning-P3/data_eeshan/IMG/right_2020_05_31_16_20_34_785.jpg,0.4234114,0,0,3.580645
/home/workspace/CarND-Behavioral-Cloning-P3/data_eeshan/IMG/center_2020_05_31_16_20_34_861.jpg,/home/workspace/CarND-Behavioral-Cloning-P3/data_eeshan/IMG/left_2020_05_31_16_20_34_861.jpg,/home/workspace/CarND-Behavioral-Cloning-P3/data_eeshan/IMG/right_2020_05_31_16_20_34_861.jpg,0.1949673,0,0,3.554097
/home/workspace/CarND-Behavioral-Cloning-P3/data_eeshan/IMG/center_2020_05_31_16_20_34_937.jpg,/home/workspace/CarND-Behavioral-Cloning-P3/data_eeshan/IMG/left_2020_05_31_16_20_34_937.jpg,/home/workspace/CarND-Behavioral-Cloning-P3/data_eeshan/IMG/right_2020_05_31_16_20_34_937.jpg,0,0,0,3.522387
/home/workspace/CarND-Behavioral-Cloning-P3/data_eeshan/IMG/center_2020_05_31_16_20_35_012.jpg,/home/workspace/CarND-Behavioral-Cloning-P3/data_eeshan/IMG/left_2020_05_31_16_20_35_012.jpg,/home/workspace/CarND-Behavioral-Cloning-P3/data_eeshan/IMG/right_2020_05_31_16_20_35_012.jpg,0.05,0,0,3.500255
/home/workspace/CarND-Behavioral-Cloning-P3/data_eeshan/IMG/center_2020_05_31_16_20_35_087.jpg,/home/workspace/CarND-Behavioral-Cloning-P3/data_eeshan/IMG/left_2020_05_31_16_20_35_087.jpg,/home/workspace/CarND-Behavioral-Cloning-P3/data_eeshan/IMG/right_2020_05_31_16_20_35_087.jpg,0.25,0,0,3.464087
/home/workspace/CarND-Behavioral-Cloning-P3/data_eeshan/IMG/center_2020_05_31_16_20_35_164.jpg,/home/workspace/CarND-Behavioral-Cloning-P3/data_eeshan/IMG/left_2020_05_31_16_20_35_164.jpg,/home/workspace/CarND-Behavioral-Cloning-P3/data_eeshan/IMG/right_2020_05_31_16_20_35_164.jpg,0.45,0,0,3.419705
/home/workspace/CarND-Behavioral-Cloning-P3/data_eeshan/IMG/center_2020_05_31_16_20_35_240.jpg,/home/workspace/CarND-Behavioral-Cloning-P3/data_eeshan/IMG/left_2020_05_31_16_20_35_240.jpg,/home/workspace/CarND-Behavioral-Cloning-P3/data_eeshan/IMG/right_2020_05_31_16_20_35_240.jpg,0.6100023,0,0,3.370641
/home/workspace/CarND-Behavioral-Cloning-P3/data_eeshan/IMG/center_2020_05_31_16_20_35_320.jpg,/home/workspace/CarND-Behavioral-Cloning-P3/data_eeshan/IMG/left_2020_05_31_16_20_35_320.jpg,/home/workspace/CarND-Behavioral-Cloning-P3/data_eeshan/IMG/right_2020_05_31_16_20_35_320.jpg,0.3706148,0,0,3.348855
/home/workspace/CarND-Behavioral-Cloning-P3/data_eeshan/IMG/center_2020_05_31_16_20_35_401.jpg,/home/workspace/CarND-Behavioral-Cloning-P3/data_eeshan/IMG/left_2020_05_31_16_20_35_401.jpg,/home/workspace/CarND-Behavioral-Cloning-P3/data_eeshan/IMG/right_2020_05_31_16_20_35_401.jpg,0.1261232,0,0,3.323701
/home/workspace/CarND-Behavioral-Cloning-P3/data_eeshan/IMG/center_2020_05_31_16_20_35_480.jpg,/home/workspace/CarND-Behavioral-Cloning-P3/data_eeshan/IMG/left_2020_05_31_16_20_35_480.jpg,/home/workspace/CarND-Behavioral-Cloning-P3/data_eeshan/IMG/right_2020_05_31_16_20_35_480.jpg,0,0,0,3.293791
/home/workspace/CarND-Behavioral-Cloning-P3/data_eeshan/IMG/center_2020_05_31_16_20_35_560.jpg,/home/workspace/CarND-Behavioral-Cloning-P3/data_eeshan/IMG/left_2020_05_31_16_20_35_560.jpg,/home/workspace/CarND-Behavioral-Cloning-P3/data_eeshan/IMG/right_2020_05_31_16_20_35_560.jpg,0,0,0,3.266405
/home/workspace/CarND-Behavioral-Cloning-P3/data_eeshan/IMG/center_2020_05_31_16_20_35_643.jpg,/home/workspace/CarND-Behavioral-Cloning-P3/data_eeshan/IMG/left_2020_05_31_16_20_35_643.jpg,/home/workspace/CarND-Behavioral-Cloning-P3/data_eeshan/IMG/right_2020_05_31_16_20_35_643.jpg,0,0,0,3.239278
/home/workspace/CarND-Behavioral-Cloning-P3/data_eeshan/IMG/center_2020_05_31_16_20_35_725.jpg,/home/workspace/CarND-Behavioral-Cloning-P3/data_eeshan/IMG/left_2020_05_31_16_20_35_725.jpg,/home/workspace/CarND-Behavioral-Cloning-P3/data_eeshan/IMG/right_2020_05_31_16_20_35_725.jpg,0,0,0,3.212368
/home/workspace/CarND-Behavioral-Cloning-P3/data_eeshan/IMG/center_2020_05_31_16_20_35_804.jpg,/home/workspace/CarND-Behavioral-Cloning-P3/data_eeshan/IMG/left_2020_05_31_16_20_35_804.jpg,/home/workspace/CarND-Behavioral-Cloning-P3/data_eeshan/IMG/right_2020_05_31_16_20_35_804.jpg,0.1,0,0,3.184392
/home/workspace/CarND-Behavioral-Cloning-P3/data_eeshan/IMG/center_2020_05_31_16_20_35_883.jpg,/home/workspace/CarND-Behavioral-Cloning-P3/data_eeshan/IMG/left_2020_05_31_16_20_35_883.jpg,/home/workspace/CarND-Behavioral-Cloning-P3/data_eeshan/IMG/right_2020_05_31_16_20_35_883.jpg,0.3,0,0,3.148783
/home/workspace/CarND-Behavioral-Cloning-P3/data_eeshan/IMG/center_2020_05_31_16_20_35_961.jpg,/home/workspace/CarND-Behavioral-Cloning-P3/data_eeshan/IMG/left_2020_05_31_16_20_35_961.jpg,/home/workspace/CarND-Behavioral-Cloning-P3/data_eeshan/IMG/right_2020_05_31_16_20_35_961.jpg,0.5000001,0,0,3.106469
/home/workspace/CarND-Behavioral-Cloning-P3/data_eeshan/IMG/center_2020_05_31_16_20_36_038.jpg,/home/workspace/CarND-Behavioral-Cloning-P3/data_eeshan/IMG/left_2020_05_31_16_20_36_038.jpg,/home/workspace/CarND-Behavioral-Cloning-P3/data_eeshan/IMG/right_2020_05_31_16_20_36_038.jpg,0.7,0,0,3.057207
/home/workspace/CarND-Behavioral-Cloning-P3/data_eeshan/IMG/center_2020_05_31_16_20_36_115.jpg,/home/workspace/CarND-Behavioral-Cloning-P3/data_eeshan/IMG/left_2020_05_31_16_20_36_115.jpg,/home/workspace/CarND-Behavioral-Cloning-P3/data_eeshan/IMG/right_2020_05_31_16_20_36_115.jpg,0.9000002,0,0,2.998822
/home/workspace/CarND-Behavioral-Cloning-P3/data_eeshan/IMG/center_2020_05_31_16_20_36_191.jpg,/home/workspace/CarND-Behavioral-Cloning-P3/data_eeshan/IMG/left_2020_05_31_16_20_36_191.jpg,/home/workspace/CarND-Behavioral-Cloning-P3/data_eeshan/IMG/right_2020_05_31_16_20_36_191.jpg,0.9241815,0,0,2.957234
/home/workspace/CarND-Behavioral-Cloning-P3/data_eeshan/IMG/center_2020_05_31_16_20_36_267.jpg,/home/workspace/CarND-Behavioral-Cloning-P3/data_eeshan/IMG/left_2020_05_31_16_20_36_267.jpg,/home/workspace/CarND-Behavioral-Cloning-P3/data_eeshan/IMG/right_2020_05_31_16_20_36_267.jpg,0.6966493,0,0,2.939726
/home/workspace/CarND-Behavioral-Cloning-P3/data_eeshan/IMG/center_2020_05_31_16_20_36_341.jpg,/home/workspace/CarND-Behavioral-Cloning-P3/data_eeshan/IMG/left_2020_05_31_16_20_36_341.jpg,/home/workspace/CarND-Behavioral-Cloning-P3/data_eeshan/IMG/right_2020_05_31_16_20_36_341.jpg,0.4742713,0,0,2.924336
/home/workspace/CarND-Behavioral-Cloning-P3/data_eeshan/IMG/center_2020_05_31_16_20_36_418.jpg,/home/workspace/CarND-Behavioral-Cloning-P3/data_eeshan/IMG/left_2020_05_31_16_20_36_418.jpg,/home/workspace/CarND-Behavioral-Cloning-P3/data_eeshan/IMG/right_2020_05_31_16_20_36_418.jpg,0.2445076,0,0,2.904587
/home/workspace/CarND-Behavioral-Cloning-P3/data_eeshan/IMG/center_2020_05_31_16_20_36_491.jpg,/home/workspace/CarND-Behavioral-Cloning-P3/data_eeshan/IMG/left_2020_05_31_16_20_36_491.jpg,/home/workspace/CarND-Behavioral-Cloning-P3/data_eeshan/IMG/right_2020_05_31_16_20_36_491.jpg,0.02419949,0,0,2.885227
/home/workspace/CarND-Behavioral-Cloning-P3/data_eeshan/IMG/center_2020_05_31_16_20_36_571.jpg,/home/workspace/CarND-Behavioral-Cloning-P3/data_eeshan/IMG/left_2020_05_31_16_20_36_571.jpg,/home/workspace/CarND-Behavioral-Cloning-P3/data_eeshan/IMG/right_2020_05_31_16_20_36_571.jpg,0,0,0,2.859977
/home/workspace/CarND-Behavioral-Cloning-P3/data_eeshan/IMG/center_2020_05_31_16_20_36_647.jpg,/home/workspace/CarND-Behavioral-Cloning-P3/data_eeshan/IMG/left_2020_05_31_16_20_36_647.jpg,/home/workspace/CarND-Behavioral-Cloning-P3/data_eeshan/IMG/right_2020_05_31_16_20_36_647.jpg,0,0.2287138,0,2.966605
/home/workspace/CarND-Behavioral-Cloning-P3/data_eeshan/IMG/center_2020_05_31_16_20_36_728.jpg,/home/workspace/CarND-Behavioral-Cloning-P3/data_eeshan/IMG/left_2020_05_31_16_20_36_728.jpg,/home/workspace/CarND-Behavioral-Cloning-P3/data_eeshan/IMG/right_2020_05_31_16_20_36_728.jpg,0,0.4716597,0,3.28268
/home/workspace/CarND-Behavioral-Cloning-P3/data_eeshan/IMG/center_2020_05_31_16_20_36_804.jpg,/home/workspace/CarND-Behavioral-Cloning-P3/data_eeshan/IMG/left_2020_05_31_16_20_36_804.jpg,/home/workspace/CarND-Behavioral-Cloning-P3/data_eeshan/IMG/right_2020_05_31_16_20_36_804.jpg,0,0.6995401,0,3.844252
/home/workspace/CarND-Behavioral-Cloning-P3/data_eeshan/IMG/center_2020_05_31_16_20_36_880.jpg,/home/workspace/CarND-Behavioral-Cloning-P3/data_eeshan/IMG/left_2020_05_31_16_20_36_880.jpg,/home/workspace/CarND-Behavioral-Cloning-P3/data_eeshan/IMG/right_2020_05_31_16_20_36_880.jpg,0,0.9287546,0,4.627604
/home/workspace/CarND-Behavioral-Cloning-P3/data_eeshan/IMG/center_2020_05_31_16_20_36_957.jpg,/home/workspace/CarND-Behavioral-Cloning-P3/data_eeshan/IMG/left_2020_05_31_16_20_36_957.jpg,/home/workspace/CarND-Behavioral-Cloning-P3/data_eeshan/IMG/right_2020_05_31_16_20_36_957.jpg,0,0.8452601,0,5.482097
/home/workspace/CarND-Behavioral-Cloning-P3/data_eeshan/IMG/center_2020_05_31_16_20_37_036.jpg,/home/workspace/CarND-Behavioral-Cloning-P3/data_eeshan/IMG/left_2020_05_31_16_20_37_036.jpg,/home/workspace/CarND-Behavioral-Cloning-P3/data_eeshan/IMG/right_2020_05_31_16_20_37_036.jpg,0,0.6085513,0,6.099709
/home/workspace/CarND-Behavioral-Cloning-P3/data_eeshan/IMG/center_2020_05_31_16_20_37_106.jpg,/home/workspace/CarND-Behavioral-Cloning-P3/data_eeshan/IMG/left_2020_05_31_16_20_37_106.jpg,/home/workspace/CarND-Behavioral-Cloning-P3/data_eeshan/IMG/right_2020_05_31_16_20_37_106.jpg,0,0.3964508,0,6.415639
/home/workspace/CarND-Behavioral-Cloning-P3/data_eeshan/IMG/center_2020_05_31_16_20_37_190.jpg,/home/workspace/CarND-Behavioral-Cloning-P3/data_eeshan/IMG/left_2020_05_31_16_20_37_190.jpg,/home/workspace/CarND-Behavioral-Cloning-P3/data_eeshan/IMG/right_2020_05_31_16_20_37_190.jpg,0,0.1442287,0,6.617161
/home/workspace/CarND-Behavioral-Cloning-P3/data_eeshan/IMG/center_2020_05_31_16_20_37_267.jpg,/home/workspace/CarND-Behavioral-Cloning-P3/data_eeshan/IMG/left_2020_05_31_16_20_37_267.jpg,/home/workspace/CarND-Behavioral-Cloning-P3/data_eeshan/IMG/right_2020_05_31_16_20_37_267.jpg,0,0,0,6.605226
/home/workspace/CarND-Behavioral-Cloning-P3/data_eeshan/IMG/center_2020_05_31_16_20_37_348.jpg,/home/workspace/CarND-Behavioral-Cloning-P3/data_eeshan/IMG/left_2020_05_31_16_20_37_348.jpg,/home/workspace/CarND-Behavioral-Cloning-P3/data_eeshan/IMG/right_2020_05_31_16_20_37_348.jpg,0,0.1578605,0,6.600196
/home/workspace/CarND-Behavioral-Cloning-P3/data_eeshan/IMG/center_2020_05_31_16_20_37_431.jpg,/home/workspace/CarND-Behavioral-Cloning-P3/data_eeshan/IMG/left_2020_05_31_16_20_37_431.jpg,/home/workspace/CarND-Behavioral-Cloning-P3/data_eeshan/IMG/right_2020_05_31_16_20_37_431.jpg,0,0.4075413,0,6.830531
/home/workspace/CarND-Behavioral-Cloning-P3/data_eeshan/IMG/center_2020_05_31_16_20_37_510.jpg,/home/workspace/CarND-Behavioral-Cloning-P3/data_eeshan/IMG/left_2020_05_31_16_20_37_510.jpg,/home/workspace/CarND-Behavioral-Cloning-P3/data_eeshan/IMG/right_2020_05_31_16_20_37_510.jpg,0.2,0.6437194,0,7.276883
/home/workspace/CarND-Behavioral-Cloning-P3/data_eeshan/IMG/center_2020_05_31_16_20_37_588.jpg,/home/workspace/CarND-Behavioral-Cloning-P3/data_eeshan/IMG/left_2020_05_31_16_20_37_588.jpg,/home/workspace/CarND-Behavioral-Cloning-P3/data_eeshan/IMG/right_2020_05_31_16_20_37_588.jpg,0.4,0.4111955,0,7.695202
/home/workspace/CarND-Behavioral-Cloning-P3/data_eeshan/IMG/center_2020_05_31_16_20_37_668.jpg,/home/workspace/CarND-Behavioral-Cloning-P3/data_eeshan/IMG/left_2020_05_31_16_20_37_668.jpg,/home/workspace/CarND-Behavioral-Cloning-P3/data_eeshan/IMG/right_2020_05_31_16_20_37_668.jpg,0.6000001,0.1695635,0,7.858964
/home/workspace/CarND-Behavioral-Cloning-P3/data_eeshan/IMG/center_2020_05_31_16_20_37_748.jpg,/home/workspace/CarND-Behavioral-Cloning-P3/data_eeshan/IMG/left_2020_05_31_16_20_37_748.jpg,/home/workspace/CarND-Behavioral-Cloning-P3/data_eeshan/IMG/right_2020_05_31_16_20_37_748.jpg,0.8000001,0,0,7.78486
/home/workspace/CarND-Behavioral-Cloning-P3/data_eeshan/IMG/center_2020_05_31_16_20_37_830.jpg,/home/workspace/CarND-Behavioral-Cloning-P3/data_eeshan/IMG/left_2020_05_31_16_20_37_830.jpg,/home/workspace/CarND-Behavioral-Cloning-P3/data_eeshan/IMG/right_2020_05_31_16_20_37_830.jpg,0.9116745,0,0,7.641065
/home/workspace/CarND-Behavioral-Cloning-P3/data_eeshan/IMG/center_2020_05_31_16_20_37_906.jpg,/home/workspace/CarND-Behavioral-Cloning-P3/data_eeshan/IMG/left_2020_05_31_16_20_37_906.jpg,/home/workspace/CarND-Behavioral-Cloning-P3/data_eeshan/IMG/right_2020_05_31_16_20_37_906.jpg,0.6835544,0,0,7.585538
/home/workspace/CarND-Behavioral-Cloning-P3/data_eeshan/IMG/center_2020_05_31_16_20_37_987.jpg,/home/workspace/CarND-Behavioral-Cloning-P3/data_eeshan/IMG/left_2020_05_31_16_20_37_987.jpg,/home/workspace/CarND-Behavioral-Cloning-P3/data_eeshan/IMG/right_2020_05_31_16_20_37_987.jpg,0.4417844,0,0,7.544381
/home/workspace/CarND-Behavioral-Cloning-P3/data_eeshan/IMG/center_2020_05_31_16_20_38_064.jpg,/home/workspace/CarND-Behavioral-Cloning-P3/data_eeshan/IMG/left_2020_05_31_16_20_38_064.jpg,/home/workspace/CarND-Behavioral-Cloning-P3/data_eeshan/IMG/right_2020_05_31_16_20_38_064.jpg,0.2095272,0,0,7.488912
/home/workspace/CarND-Behavioral-Cloning-P3/data_eeshan/IMG/center_2020_05_31_16_20_38_138.jpg,/home/workspace/CarND-Behavioral-Cloning-P3/data_eeshan/IMG/left_2020_05_31_16_20_38_138.jpg,/home/workspace/CarND-Behavioral-Cloning-P3/data_eeshan/IMG/right_2020_05_31_16_20_38_138.jpg,0,0,0,7.415533
/home/workspace/CarND-Behavioral-Cloning-P3/data_eeshan/IMG/center_2020_05_31_16_20_38_211.jpg,/home/workspace/CarND-Behavioral-Cloning-P3/data_eeshan/IMG/left_2020_05_31_16_20_38_211.jpg,/home/workspace/CarND-Behavioral-Cloning-P3/data_eeshan/IMG/right_2020_05_31_16_20_38_211.jpg,0,0,0,7.367083
/home/workspace/CarND-Behavioral-Cloning-P3/data_eeshan/IMG/center_2020_05_31_16_20_38_286.jpg,/home/workspace/CarND-Behavioral-Cloning-P3/data_eeshan/IMG/left_2020_05_31_16_20_38_286.jpg,/home/workspace/CarND-Behavioral-Cloning-P3/data_eeshan/IMG/right_2020_05_31_16_20_38_286.jpg,0,0,0,7.305301
/home/workspace/CarND-Behavioral-Cloning-P3/data_eeshan/IMG/center_2020_05_31_16_20_38_363.jpg,/home/workspace/CarND-Behavioral-Cloning-P3/data_eeshan/IMG/left_2020_05_31_16_20_38_363.jpg,/home/workspace/CarND-Behavioral-Cloning-P3/data_eeshan/IMG/right_2020_05_31_16_20_38_363.jpg,0,0,0,7.244258
/home/workspace/CarND-Behavioral-Cloning-P3/data_eeshan/IMG/center_2020_05_31_16_20_38_444.jpg,/home/workspace/CarND-Behavioral-Cloning-P3/data_eeshan/IMG/left_2020_05_31_16_20_38_444.jpg,/home/workspace/CarND-Behavioral-Cloning-P3/data_eeshan/IMG/right_2020_05_31_16_20_38_444.jpg,0,0,0,7.18372
/home/workspace/CarND-Behavioral-Cloning-P3/data_eeshan/IMG/center_2020_05_31_16_20_38_519.jpg,/home/workspace/CarND-Behavioral-Cloning-P3/data_eeshan/IMG/left_2020_05_31_16_20_38_519.jpg,/home/workspace/CarND-Behavioral-Cloning-P3/data_eeshan/IMG/right_2020_05_31_16_20_38_519.jpg,-0.15,0,0,7.119036
/home/workspace/CarND-Behavioral-Cloning-P3/data_eeshan/IMG/center_2020_05_31_16_20_38_594.jpg,/home/workspace/CarND-Behavioral-Cloning-P3/data_eeshan/IMG/left_2020_05_31_16_20_38_594.jpg,/home/workspace/CarND-Behavioral-Cloning-P3/data_eeshan/IMG/right_2020_05_31_16_20_38_594.jpg,0,0,0,7.058544
/home/workspace/CarND-Behavioral-Cloning-P3/data_eeshan/IMG/center_2020_05_31_16_20_38_672.jpg,/home/workspace/CarND-Behavioral-Cloning-P3/data_eeshan/IMG/left_2020_05_31_16_20_38_672.jpg,/home/workspace/CarND-Behavioral-Cloning-P3/data_eeshan/IMG/right_2020_05_31_16_20_38_672.jpg,0,0,0,6.999367
/home/workspace/CarND-Behavioral-Cloning-P3/data_eeshan/IMG/center_2020_05_31_16_20_38_745.jpg,/home/workspace/CarND-Behavioral-Cloning-P3/data_eeshan/IMG/left_2020_05_31_16_20_38_745.jpg,/home/workspace/CarND-Behavioral-Cloning-P3/data_eeshan/IMG/right_2020_05_31_16_20_38_745.jpg,0,0,0,6.955396
/home/workspace/CarND-Behavioral-Cloning-P3/data_eeshan/IMG/center_2020_05_31_16_20_38_818.jpg,/home/workspace/CarND-Behavioral-Cloning-P3/data_eeshan/IMG/left_2020_05_31_16_20_38_818.jpg,/home/workspace/CarND-Behavioral-Cloning-P3/data_eeshan/IMG/right_2020_05_31_16_20_38_818.jpg,0,0,0,6.897196
/home/workspace/CarND-Behavioral-Cloning-P3/data_eeshan/IMG/center_2020_05_31_16_20_38_897.jpg,/home/workspace/CarND-Behavioral-Cloning-P3/data_eeshan/IMG/left_2020_05_31_16_20_38_897.jpg,/home/workspace/CarND-Behavioral-Cloning-P3/data_eeshan/IMG/right_2020_05_31_16_20_38_897.jpg,0,0,0,6.839466
/home/workspace/CarND-Behavioral-Cloning-P3/data_eeshan/IMG/center_2020_05_31_16_20_38_964.jpg,/home/workspace/CarND-Behavioral-Cloning-P3/data_eeshan/IMG/left_2020_05_31_16_20_38_964.jpg,/home/workspace/CarND-Behavioral-Cloning-P3/data_eeshan/IMG/right_2020_05_31_16_20_38_964.jpg,0,0,0,6.796476
/home/workspace/CarND-Behavioral-Cloning-P3/data_eeshan/IMG/center_2020_05_31_16_20_39_036.jpg,/home/workspace/CarND-Behavioral-Cloning-P3/data_eeshan/IMG/left_2020_05_31_16_20_39_036.jpg,/home/workspace/CarND-Behavioral-Cloning-P3/data_eeshan/IMG/right_2020_05_31_16_20_39_036.jpg,0,0,0,6.739557
/home/workspace/CarND-Behavioral-Cloning-P3/data_eeshan/IMG/center_2020_05_31_16_20_39_114.jpg,/home/workspace/CarND-Behavioral-Cloning-P3/data_eeshan/IMG/left_2020_05_31_16_20_39_114.jpg,/home/workspace/CarND-Behavioral-Cloning-P3/data_eeshan/IMG/right_2020_05_31_16_20_39_114.jpg,0,0,0,6.683096
/home/workspace/CarND-Behavioral-Cloning-P3/data_eeshan/IMG/center_2020_05_31_16_20_39_188.jpg,/home/workspace/CarND-Behavioral-Cloning-P3/data_eeshan/IMG/left_2020_05_31_16_20_39_188.jpg,/home/workspace/CarND-Behavioral-Cloning-P3/data_eeshan/IMG/right_2020_05_31_16_20_39_188.jpg,0,0,0,6.641047
/home/workspace/CarND-Behavioral-Cloning-P3/data_eeshan/IMG/center_2020_05_31_16_20_39_264.jpg,/home/workspace/CarND-Behavioral-Cloning-P3/data_eeshan/IMG/left_2020_05_31_16_20_39_264.jpg,/home/workspace/CarND-Behavioral-Cloning-P3/data_eeshan/IMG/right_2020_05_31_16_20_39_264.jpg,0,0,0,6.58538
/home/workspace/CarND-Behavioral-Cloning-P3/data_eeshan/IMG/center_2020_05_31_16_20_39_338.jpg,/home/workspace/CarND-Behavioral-Cloning-P3/data_eeshan/IMG/left_2020_05_31_16_20_39_338.jpg,/home/workspace/CarND-Behavioral-Cloning-P3/data_eeshan/IMG/right_2020_05_31_16_20_39_338.jpg,0,0,0,6.530159
/home/workspace/CarND-Behavioral-Cloning-P3/data_eeshan/IMG/center_2020_05_31_16_20_39_407.jpg,/home/workspace/CarND-Behavioral-Cloning-P3/data_eeshan/IMG/left_2020_05_31_16_20_39_407.jpg,/home/workspace/CarND-Behavioral-Cloning-P3/data_eeshan/IMG/right_2020_05_31_16_20_39_407.jpg,0,0,0,6.489036
/home/workspace/CarND-Behavioral-Cloning-P3/data_eeshan/IMG/center_2020_05_31_16_20_39_480.jpg,/home/workspace/CarND-Behavioral-Cloning-P3/data_eeshan/IMG/left_2020_05_31_16_20_39_480.jpg,/home/workspace/CarND-Behavioral-Cloning-P3/data_eeshan/IMG/right_2020_05_31_16_20_39_480.jpg,0,0,0,6.434588
/home/workspace/CarND-Behavioral-Cloning-P3/data_eeshan/IMG/center_2020_05_31_16_20_39_554.jpg,/home/workspace/CarND-Behavioral-Cloning-P3/data_eeshan/IMG/left_2020_05_31_16_20_39_554.jpg,/home/workspace/CarND-Behavioral-Cloning-P3/data_eeshan/IMG/right_2020_05_31_16_20_39_554.jpg,0,0.1398332,0,6.45761
/home/workspace/CarND-Behavioral-Cloning-P3/data_eeshan/IMG/center_2020_05_31_16_20_39_632.jpg,/home/workspace/CarND-Behavioral-Cloning-P3/data_eeshan/IMG/left_2020_05_31_16_20_39_632.jpg,/home/workspace/CarND-Behavioral-Cloning-P3/data_eeshan/IMG/right_2020_05_31_16_20_39_632.jpg,0,0.3717027,0,6.620048
/home/workspace/CarND-Behavioral-Cloning-P3/data_eeshan/IMG/center_2020_05_31_16_20_39_700.jpg,/home/workspace/CarND-Behavioral-Cloning-P3/data_eeshan/IMG/left_2020_05_31_16_20_39_700.jpg,/home/workspace/CarND-Behavioral-Cloning-P3/data_eeshan/IMG/right_2020_05_31_16_20_39_700.jpg,0,0.4418364,0,7.006976
/home/workspace/CarND-Behavioral-Cloning-P3/data_eeshan/IMG/center_2020_05_31_16_20_39_772.jpg,/home/workspace/CarND-Behavioral-Cloning-P3/data_eeshan/IMG/left_2020_05_31_16_20_39_772.jpg,/home/workspace/CarND-Behavioral-Cloning-P3/data_eeshan/IMG/right_2020_05_31_16_20_39_772.jpg,0,0.2239852,0,7.234972
/home/workspace/CarND-Behavioral-Cloning-P3/data_eeshan/IMG/center_2020_05_31_16_20_39_840.jpg,/home/workspace/CarND-Behavioral-Cloning-P3/data_eeshan/IMG/left_2020_05_31_16_20_39_840.jpg,/home/workspace/CarND-Behavioral-Cloning-P3/data_eeshan/IMG/right_2020_05_31_16_20_39_840.jpg,0,0.02070522,0,7.266563
/home/workspace/CarND-Behavioral-Cloning-P3/data_eeshan/IMG/center_2020_05_31_16_20_39_915.jpg,/home/workspace/CarND-Behavioral-Cloning-P3/data_eeshan/IMG/left_2020_05_31_16_20_39_915.jpg,/home/workspace/CarND-Behavioral-Cloning-P3/data_eeshan/IMG/right_2020_05_31_16_20_39_915.jpg,0,0,0,7.207262
/home/workspace/CarND-Behavioral-Cloning-P3/data_eeshan/IMG/center_2020_05_31_16_20_39_986.jpg,/home/workspace/CarND-Behavioral-Cloning-P3/data_eeshan/IMG/left_2020_05_31_16_20_39_986.jpg,/home/workspace/CarND-Behavioral-Cloning-P3/data_eeshan/IMG/right_2020_05_31_16_20_39_986.jpg,0,0,0,7.162054
/home/workspace/CarND-Behavioral-Cloning-P3/data_eeshan/IMG/center_2020_05_31_16_20_40_059.jpg,/home/workspace/CarND-Behavioral-Cloning-P3/data_eeshan/IMG/left_2020_05_31_16_20_40_059.jpg,/home/workspace/CarND-Behavioral-Cloning-P3/data_eeshan/IMG/right_2020_05_31_16_20_40_059.jpg,0,0,0,7.102199
/home/workspace/CarND-Behavioral-Cloning-P3/data_eeshan/IMG/center_2020_05_31_16_20_40_128.jpg,/home/workspace/CarND-Behavioral-Cloning-P3/data_eeshan/IMG/left_2020_05_31_16_20_40_128.jpg,/home/workspace/CarND-Behavioral-Cloning-P3/data_eeshan/IMG/right_2020_05_31_16_20_40_128.jpg,0,0,0,7.057621
/home/workspace/CarND-Behavioral-Cloning-P3/data_eeshan/IMG/center_2020_05_31_16_20_40_203.jpg,/home/workspace/CarND-Behavioral-Cloning-P3/data_eeshan/IMG/left_2020_05_31_16_20_40_203.jpg,/home/workspace/CarND-Behavioral-Cloning-P3/data_eeshan/IMG/right_2020_05_31_16_20_40_203.jpg,0,0,0,6.998603
/home/workspace/CarND-Behavioral-Cloning-P3/data_eeshan/IMG/center_2020_05_31_16_20_40_276.jpg,/home/workspace/CarND-Behavioral-Cloning-P3/data_eeshan/IMG/left_2020_05_31_16_20_40_276.jpg,/home/workspace/CarND-Behavioral-Cloning-P3/data_eeshan/IMG/right_2020_05_31_16_20_40_276.jpg,0,0,0,6.94006
/home/workspace/CarND-Behavioral-Cloning-P3/data_eeshan/IMG/center_2020_05_31_16_20_40_350.jpg,/home/workspace/CarND-Behavioral-Cloning-P3/data_eeshan/IMG/left_2020_05_31_16_20_40_350.jpg,/home/workspace/CarND-Behavioral-Cloning-P3/data_eeshan/IMG/right_2020_05_31_16_20_40_350.jpg,0,0,0,6.896461
/home/workspace/CarND-Behavioral-Cloning-P3/data_eeshan/IMG/center_2020_05_31_16_20_40_429.jpg,/home/workspace/CarND-Behavioral-Cloning-P3/data_eeshan/IMG/left_2020_05_31_16_20_40_429.jpg,/home/workspace/CarND-Behavioral-Cloning-P3/data_eeshan/IMG/right_2020_05_31_16_20_40_429.jpg,0,0,0,6.838737
/home/workspace/CarND-Behavioral-Cloning-P3/data_eeshan/IMG/center_2020_05_31_16_20_40_506.jpg,/home/workspace/CarND-Behavioral-Cloning-P3/data_eeshan/IMG/left_2020_05_31_16_20_40_506.jpg,/home/workspace/CarND-Behavioral-Cloning-P3/data_eeshan/IMG/right_2020_05_31_16_20_40_506.jpg,0,0,0,6.78148
/home/workspace/CarND-Behavioral-Cloning-P3/data_eeshan/IMG/center_2020_05_31_16_20_40_584.jpg,/home/workspace/CarND-Behavioral-Cloning-P3/data_eeshan/IMG/left_2020_05_31_16_20_40_584.jpg,/home/workspace/CarND-Behavioral-Cloning-P3/data_eeshan/IMG/right_2020_05_31_16_20_40_584.jpg,0,0,0,6.724681
/home/workspace/CarND-Behavioral-Cloning-P3/data_eeshan/IMG/center_2020_05_31_16_20_40_660.jpg,/home/workspace/CarND-Behavioral-Cloning-P3/data_eeshan/IMG/left_2020_05_31_16_20_40_660.jpg,/home/workspace/CarND-Behavioral-Cloning-P3/data_eeshan/IMG/right_2020_05_31_16_20_40_660.jpg,0,0,0,6.66834
/home/workspace/CarND-Behavioral-Cloning-P3/data_eeshan/IMG/center_2020_05_31_16_20_40_736.jpg,/home/workspace/CarND-Behavioral-Cloning-P3/data_eeshan/IMG/left_2020_05_31_16_20_40_736.jpg,/home/workspace/CarND-Behavioral-Cloning-P3/data_eeshan/IMG/right_2020_05_31_16_20_40_736.jpg,0,0,0,6.612451
/home/workspace/CarND-Behavioral-Cloning-P3/data_eeshan/IMG/center_2020_05_31_16_20_40_811.jpg,/home/workspace/CarND-Behavioral-Cloning-P3/data_eeshan/IMG/left_2020_05_31_16_20_40_811.jpg,/home/workspace/CarND-Behavioral-Cloning-P3/data_eeshan/IMG/right_2020_05_31_16_20_40_811.jpg,0,0.2245681,0,6.664665
/home/workspace/CarND-Behavioral-Cloning-P3/data_eeshan/IMG/center_2020_05_31_16_20_40_886.jpg,/home/workspace/CarND-Behavioral-Cloning-P3/data_eeshan/IMG/left_2020_05_31_16_20_40_886.jpg,/home/workspace/CarND-Behavioral-Cloning-P3/data_eeshan/IMG/right_2020_05_31_16_20_40_886.jpg,0,0.4482028,0,6.938693
/home/workspace/CarND-Behavioral-Cloning-P3/data_eeshan/IMG/center_2020_05_31_16_20_40_967.jpg,/home/workspace/CarND-Behavioral-Cloning-P3/data_eeshan/IMG/left_2020_05_31_16_20_40_967.jpg,/home/workspace/CarND-Behavioral-Cloning-P3/data_eeshan/IMG/right_2020_05_31_16_20_40_967.jpg,-0.05,0.515949,0,7.421831
/home/workspace/CarND-Behavioral-Cloning-P3/data_eeshan/IMG/center_2020_05_31_16_20_41_043.jpg,/home/workspace/CarND-Behavioral-Cloning-P3/data_eeshan/IMG/left_2020_05_31_16_20_41_043.jpg,/home/workspace/CarND-Behavioral-Cloning-P3/data_eeshan/IMG/right_2020_05_31_16_20_41_043.jpg,-0.25,0.289047,0,7.716526
/home/workspace/CarND-Behavioral-Cloning-P3/data_eeshan/IMG/center_2020_05_31_16_20_41_116.jpg,/home/workspace/CarND-Behavioral-Cloning-P3/data_eeshan/IMG/left_2020_05_31_16_20_41_116.jpg,/home/workspace/CarND-Behavioral-Cloning-P3/data_eeshan/IMG/right_2020_05_31_16_20_41_116.jpg,-0.2378368,0.06873608,0,7.789547
/home/workspace/CarND-Behavioral-Cloning-P3/data_eeshan/IMG/center_2020_05_31_16_20_41_193.jpg,/home/workspace/CarND-Behavioral-Cloning-P3/data_eeshan/IMG/left_2020_05_31_16_20_41_193.jpg,/home/workspace/CarND-Behavioral-Cloning-P3/data_eeshan/IMG/right_2020_05_31_16_20_41_193.jpg,-0.007814884,0,0,7.725358
/home/workspace/CarND-Behavioral-Cloning-P3/data_eeshan/IMG/center_2020_05_31_16_20_41_273.jpg,/home/workspace/CarND-Behavioral-Cloning-P3/data_eeshan/IMG/left_2020_05_31_16_20_41_273.jpg,/home/workspace/CarND-Behavioral-Cloning-P3/data_eeshan/IMG/right_2020_05_31_16_20_41_273.jpg,0,0,0,7.659227
/home/workspace/CarND-Behavioral-Cloning-P3/data_eeshan/IMG/center_2020_05_31_16_20_41_353.jpg,/home/workspace/CarND-Behavioral-Cloning-P3/data_eeshan/IMG/left_2020_05_31_16_20_41_353.jpg,/home/workspace/CarND-Behavioral-Cloning-P3/data_eeshan/IMG/right_2020_05_31_16_20_41_353.jpg,0,0,0,7.59534
/home/workspace/CarND-Behavioral-Cloning-P3/data_eeshan/IMG/center_2020_05_31_16_20_41_430.jpg,/home/workspace/CarND-Behavioral-Cloning-P3/data_eeshan/IMG/left_2020_05_31_16_20_41_430.jpg,/home/workspace/CarND-Behavioral-Cloning-P3/data_eeshan/IMG/right_2020_05_31_16_20_41_430.jpg,0,0,0,7.547867
/home/workspace/CarND-Behavioral-Cloning-P3/data_eeshan/IMG/center_2020_05_31_16_20_41_504.jpg,/home/workspace/CarND-Behavioral-Cloning-P3/data_eeshan/IMG/left_2020_05_31_16_20_41_504.jpg,/home/workspace/CarND-Behavioral-Cloning-P3/data_eeshan/IMG/right_2020_05_31_16_20_41_504.jpg,0,0,0,7.485032
/home/workspace/CarND-Behavioral-Cloning-P3/data_eeshan/IMG/center_2020_05_31_16_20_41_576.jpg,/home/workspace/CarND-Behavioral-Cloning-P3/data_eeshan/IMG/left_2020_05_31_16_20_41_576.jpg,/home/workspace/CarND-Behavioral-Cloning-P3/data_eeshan/IMG/right_2020_05_31_16_20_41_576.jpg,0,0,0,7.422706
/home/workspace/CarND-Behavioral-Cloning-P3/data_eeshan/IMG/center_2020_05_31_16_20_41_652.jpg,/home/workspace/CarND-Behavioral-Cloning-P3/data_eeshan/IMG/left_2020_05_31_16_20_41_652.jpg,/home/workspace/CarND-Behavioral-Cloning-P3/data_eeshan/IMG/right_2020_05_31_16_20_41_652.jpg,0,0,0,7.376293
/home/workspace/CarND-Behavioral-Cloning-P3/data_eeshan/IMG/center_2020_05_31_16_20_41_727.jpg,/home/workspace/CarND-Behavioral-Cloning-P3/data_eeshan/IMG/left_2020_05_31_16_20_41_727.jpg,/home/workspace/CarND-Behavioral-Cloning-P3/data_eeshan/IMG/right_2020_05_31_16_20_41_727.jpg,0,0,0,7.314841
/home/workspace/CarND-Behavioral-Cloning-P3/data_eeshan/IMG/center_2020_05_31_16_20_41_807.jpg,/home/workspace/CarND-Behavioral-Cloning-P3/data_eeshan/IMG/left_2020_05_31_16_20_41_807.jpg,/home/workspace/CarND-Behavioral-Cloning-P3/data_eeshan/IMG/right_2020_05_31_16_20_41_807.jpg,0,0,0,7.253887
/home/workspace/CarND-Behavioral-Cloning-P3/data_eeshan/IMG/center_2020_05_31_16_20_41_888.jpg,/home/workspace/CarND-Behavioral-Cloning-P3/data_eeshan/IMG/left_2020_05_31_16_20_41_888.jpg,/home/workspace/CarND-Behavioral-Cloning-P3/data_eeshan/IMG/right_2020_05_31_16_20_41_888.jpg,0,0.09599376,0,7.210639
/home/workspace/CarND-Behavioral-Cloning-P3/data_eeshan/IMG/center_2020_05_31_16_20_41_956.jpg,/home/workspace/CarND-Behavioral-Cloning-P3/data_eeshan/IMG/left_2020_05_31_16_20_41_956.jpg,/home/workspace/CarND-Behavioral-Cloning-P3/data_eeshan/IMG/right_2020_05_31_16_20_41_956.jpg,0,0.300843,0,7.377098
/home/workspace/CarND-Behavioral-Cloning-P3/data_eeshan/IMG/center_2020_05_31_16_20_42_033.jpg,/home/workspace/CarND-Behavioral-Cloning-P3/data_eeshan/IMG/left_2020_05_31_16_20_42_033.jpg,/home/workspace/CarND-Behavioral-Cloning-P3/data_eeshan/IMG/right_2020_05_31_16_20_42_033.jpg,0,0.5330729,0,7.765676
/home/workspace/CarND-Behavioral-Cloning-P3/data_eeshan/IMG/center_2020_05_31_16_20_42_118.jpg,/home/workspace/CarND-Behavioral-Cloning-P3/data_eeshan/IMG/left_2020_05_31_16_20_42_118.jpg,/home/workspace/CarND-Behavioral-Cloning-P3/data_eeshan/IMG/right_2020_05_31_16_20_42_118.jpg,-0.15,0.4297864,0,8.182407
/home/workspace/CarND-Behavioral-Cloning-P3/data_eeshan/IMG/center_2020_05_31_16_20_42_199.jpg,/home/workspace/CarND-Behavioral-Cloning-P3/data_eeshan/IMG/left_2020_05_31_16_20_42_199.jpg,/home/workspace/CarND-Behavioral-Cloning-P3/data_eeshan/IMG/right_2020_05_31_16_20_42_199.jpg,-0.35,0.1844552,0,8.361914
/home/workspace/CarND-Behavioral-Cloning-P3/data_eeshan/IMG/center_2020_05_31_16_20_42_277.jpg,/home/workspace/CarND-Behavioral-Cloning-P3/data_eeshan/IMG/left_2020_05_31_16_20_42_277.jpg,/home/workspace/CarND-Behavioral-Cloning-P3/data_eeshan/IMG/right_2020_05_31_16_20_42_277.jpg,-0.1891322,0,0,8.335228
/home/workspace/CarND-Behavioral-Cloning-P3/data_eeshan/IMG/center_2020_05_31_16_20_42_353.jpg,/home/workspace/CarND-Behavioral-Cloning-P3/data_eeshan/IMG/left_2020_05_31_16_20_42_353.jpg,/home/workspace/CarND-Behavioral-Cloning-P3/data_eeshan/IMG/right_2020_05_31_16_20_42_353.jpg,0,0,0,8.260498
/home/workspace/CarND-Behavioral-Cloning-P3/data_eeshan/IMG/center_2020_05_31_16_20_42_430.jpg,/home/workspace/CarND-Behavioral-Cloning-P3/data_eeshan/IMG/left_2020_05_31_16_20_42_430.jpg,/home/workspace/CarND-Behavioral-Cloning-P3/data_eeshan/IMG/right_2020_05_31_16_20_42_430.jpg,0,0,0,8.207926
/home/workspace/CarND-Behavioral-Cloning-P3/data_eeshan/IMG/center_2020_05_31_16_20_42_501.jpg,/home/workspace/CarND-Behavioral-Cloning-P3/data_eeshan/IMG/left_2020_05_31_16_20_42_501.jpg,/home/workspace/CarND-Behavioral-Cloning-P3/data_eeshan/IMG/right_2020_05_31_16_20_42_501.jpg,0,0,0,8.139725
/home/workspace/CarND-Behavioral-Cloning-P3/data_eeshan/IMG/center_2020_05_31_16_20_42_577.jpg,/home/workspace/CarND-Behavioral-Cloning-P3/data_eeshan/IMG/left_2020_05_31_16_20_42_577.jpg,/home/workspace/CarND-Behavioral-Cloning-P3/data_eeshan/IMG/right_2020_05_31_16_20_42_577.jpg,0,0,0,8.072272
/home/workspace/CarND-Behavioral-Cloning-P3/data_eeshan/IMG/center_2020_05_31_16_20_42_653.jpg,/home/workspace/CarND-Behavioral-Cloning-P3/data_eeshan/IMG/left_2020_05_31_16_20_42_653.jpg,/home/workspace/CarND-Behavioral-Cloning-P3/data_eeshan/IMG/right_2020_05_31_16_20_42_653.jpg,0,0,0,8.022058
/home/workspace/CarND-Behavioral-Cloning-P3/data_eeshan/IMG/center_2020_05_31_16_20_42_730.jpg,/home/workspace/CarND-Behavioral-Cloning-P3/data_eeshan/IMG/left_2020_05_31_16_20_42_730.jpg,/home/workspace/CarND-Behavioral-Cloning-P3/data_eeshan/IMG/right_2020_05_31_16_20_42_730.jpg,0,0,0,7.955579
/home/workspace/CarND-Behavioral-Cloning-P3/data_eeshan/IMG/center_2020_05_31_16_20_42_808.jpg,/home/workspace/CarND-Behavioral-Cloning-P3/data_eeshan/IMG/left_2020_05_31_16_20_42_808.jpg,/home/workspace/CarND-Behavioral-Cloning-P3/data_eeshan/IMG/right_2020_05_31_16_20_42_808.jpg,0,0,0,7.889636
/home/workspace/CarND-Behavioral-Cloning-P3/data_eeshan/IMG/center_2020_05_31_16_20_42_883.jpg,/home/workspace/CarND-Behavioral-Cloning-P3/data_eeshan/IMG/left_2020_05_31_16_20_42_883.jpg,/home/workspace/CarND-Behavioral-Cloning-P3/data_eeshan/IMG/right_2020_05_31_16_20_42_883.jpg,0,0,0,7.824223
/home/workspace/CarND-Behavioral-Cloning-P3/data_eeshan/IMG/center_2020_05_31_16_20_42_961.jpg,/home/workspace/CarND-Behavioral-Cloning-P3/data_eeshan/IMG/left_2020_05_31_16_20_42_961.jpg,/home/workspace/CarND-Behavioral-Cloning-P3/data_eeshan/IMG/right_2020_05_31_16_20_42_961.jpg,0,0,0,7.759337
/home/workspace/CarND-Behavioral-Cloning-P3/data_eeshan/IMG/center_2020_05_31_16_20_43_040.jpg,/home/workspace/CarND-Behavioral-Cloning-P3/data_eeshan/IMG/left_2020_05_31_16_20_43_040.jpg,/home/workspace/CarND-Behavioral-Cloning-P3/data_eeshan/IMG/right_2020_05_31_16_20_43_040.jpg,0,0,0,7.694972
/home/workspace/CarND-Behavioral-Cloning-P3/data_eeshan/IMG/center_2020_05_31_16_20_43_121.jpg,/home/workspace/CarND-Behavioral-Cloning-P3/data_eeshan/IMG/left_2020_05_31_16_20_43_121.jpg,/home/workspace/CarND-Behavioral-Cloning-P3/data_eeshan/IMG/right_2020_05_31_16_20_43_121.jpg,0,0.2424846,0,7.762321
/home/workspace/CarND-Behavioral-Cloning-P3/data_eeshan/IMG/center_2020_05_31_16_20_43_204.jpg,/home/workspace/CarND-Behavioral-Cloning-P3/data_eeshan/IMG/left_2020_05_31_16_20_43_204.jpg,/home/workspace/CarND-Behavioral-Cloning-P3/data_eeshan/IMG/right_2020_05_31_16_20_43_204.jpg,-0.05,0.4922225,0,8.078513
/home/workspace/CarND-Behavioral-Cloning-P3/data_eeshan/IMG/center_2020_05_31_16_20_43_285.jpg,/home/workspace/CarND-Behavioral-Cloning-P3/data_eeshan/IMG/left_2020_05_31_16_20_43_285.jpg,/home/workspace/CarND-Behavioral-Cloning-P3/data_eeshan/IMG/right_2020_05_31_16_20_43_285.jpg,-0.25,0.4087536,0,8.477708
/home/workspace/CarND-Behavioral-Cloning-P3/data_eeshan/IMG/center_2020_05_31_16_20_43_368.jpg,/home/workspace/CarND-Behavioral-Cloning-P3/data_eeshan/IMG/left_2020_05_31_16_20_43_368.jpg,/home/workspace/CarND-Behavioral-Cloning-P3/data_eeshan/IMG/right_2020_05_31_16_20_43_368.jpg,-0.45,0.1595135,0,8.637426
/home/workspace/CarND-Behavioral-Cloning-P3/data_eeshan/IMG/center_2020_05_31_16_20_43_453.jpg,/home/workspace/CarND-Behavioral-Cloning-P3/data_eeshan/IMG/left_2020_05_31_16_20_43_453.jpg,/home/workspace/CarND-Behavioral-Cloning-P3/data_eeshan/IMG/right_2020_05_31_16_20_43_453.jpg,-0.3192337,0,0,8.583886
/home/workspace/CarND-Behavioral-Cloning-P3/data_eeshan/IMG/center_2020_05_31_16_20_43_539.jpg,/home/workspace/CarND-Behavioral-Cloning-P3/data_eeshan/IMG/left_2020_05_31_16_20_43_539.jpg,/home/workspace/CarND-Behavioral-Cloning-P3/data_eeshan/IMG/right_2020_05_31_16_20_43_539.jpg,-0.0612402,0,0,8.509666
/home/workspace/CarND-Behavioral-Cloning-P3/data_eeshan/IMG/center_2020_05_31_16_20_43_620.jpg,/home/workspace/CarND-Behavioral-Cloning-P3/data_eeshan/IMG/left_2020_05_31_16_20_43_620.jpg,/home/workspace/CarND-Behavioral-Cloning-P3/data_eeshan/IMG/right_2020_05_31_16_20_43_620.jpg,0,0,0,8.433264
/home/workspace/CarND-Behavioral-Cloning-P3/data_eeshan/IMG/center_2020_05_31_16_20_43_707.jpg,/home/workspace/CarND-Behavioral-Cloning-P3/data_eeshan/IMG/left_2020_05_31_16_20_43_707.jpg,/home/workspace/CarND-Behavioral-Cloning-P3/data_eeshan/IMG/right_2020_05_31_16_20_43_707.jpg,0,0,0,8.363244
/home/workspace/CarND-Behavioral-Cloning-P3/data_eeshan/IMG/center_2020_05_31_16_20_43_788.jpg,/home/workspace/CarND-Behavioral-Cloning-P3/data_eeshan/IMG/left_2020_05_31_16_20_43_788.jpg,/home/workspace/CarND-Behavioral-Cloning-P3/data_eeshan/IMG/right_2020_05_31_16_20_43_788.jpg,0,0,0,8.294281
/home/workspace/CarND-Behavioral-Cloning-P3/data_eeshan/IMG/center_2020_05_31_16_20_43_878.jpg,/home/workspace/CarND-Behavioral-Cloning-P3/data_eeshan/IMG/left_2020_05_31_16_20_43_878.jpg,/home/workspace/CarND-Behavioral-Cloning-P3/data_eeshan/IMG/right_2020_05_31_16_20_43_878.jpg,0,0,0,8.208928
/home/workspace/CarND-Behavioral-Cloning-P3/data_eeshan/IMG/center_2020_05_31_16_20_43_968.jpg,/home/workspace/CarND-Behavioral-Cloning-P3/data_eeshan/IMG/left_2020_05_31_16_20_43_968.jpg,/home/workspace/CarND-Behavioral-Cloning-P3/data_eeshan/IMG/right_2020_05_31_16_20_43_968.jpg,-0.15,0,0,8.136311
/home/workspace/CarND-Behavioral-Cloning-P3/data_eeshan/IMG/center_2020_05_31_16_20_44_051.jpg,/home/workspace/CarND-Behavioral-Cloning-P3/data_eeshan/IMG/left_2020_05_31_16_20_44_051.jpg,/home/workspace/CarND-Behavioral-Cloning-P3/data_eeshan/IMG/right_2020_05_31_16_20_44_051.jpg,-0.35,0,0,8.042708
/home/workspace/CarND-Behavioral-Cloning-P3/data_eeshan/IMG/center_2020_05_31_16_20_44_135.jpg,/home/workspace/CarND-Behavioral-Cloning-P3/data_eeshan/IMG/left_2020_05_31_16_20_44_135.jpg,/home/workspace/CarND-Behavioral-Cloning-P3/data_eeshan/IMG/right_2020_05_31_16_20_44_135.jpg,-0.6000001,0,0,7.898995
/home/workspace/CarND-Behavioral-Cloning-P3/data_eeshan/IMG/center_2020_05_31_16_20_44_222.jpg,/home/workspace/CarND-Behavioral-Cloning-P3/data_eeshan/IMG/left_2020_05_31_16_20_44_222.jpg,/home/workspace/CarND-Behavioral-Cloning-P3/data_eeshan/IMG/right_2020_05_31_16_20_44_222.jpg,-0.5959682,0,0,7.79435
/home/workspace/CarND-Behavioral-Cloning-P3/data_eeshan/IMG/center_2020_05_31_16_20_44_305.jpg,/home/workspace/CarND-Behavioral-Cloning-P3/data_eeshan/IMG/left_2020_05_31_16_20_44_305.jpg,/home/workspace/CarND-Behavioral-Cloning-P3/data_eeshan/IMG/right_2020_05_31_16_20_44_305.jpg,-0.3482287,0,0,7.745756
/home/workspace/CarND-Behavioral-Cloning-P3/data_eeshan/IMG/center_2020_05_31_16_20_44_390.jpg,/home/workspace/CarND-Behavioral-Cloning-P3/data_eeshan/IMG/left_2020_05_31_16_20_44_390.jpg,/home/workspace/CarND-Behavioral-Cloning-P3/data_eeshan/IMG/right_2020_05_31_16_20_44_390.jpg,-0.09417057,0,0,7.683856
/home/workspace/CarND-Behavioral-Cloning-P3/data_eeshan/IMG/center_2020_05_31_16_20_44_474.jpg,/home/workspace/CarND-Behavioral-Cloning-P3/data_eeshan/IMG/left_2020_05_31_16_20_44_474.jpg,/home/workspace/CarND-Behavioral-Cloning-P3/data_eeshan/IMG/right_2020_05_31_16_20_44_474.jpg,0,0,0,7.59463
/home/workspace/CarND-Behavioral-Cloning-P3/data_eeshan/IMG/center_2020_05_31_16_20_44_557.jpg,/home/workspace/CarND-Behavioral-Cloning-P3/data_eeshan/IMG/left_2020_05_31_16_20_44_557.jpg,/home/workspace/CarND-Behavioral-Cloning-P3/data_eeshan/IMG/right_2020_05_31_16_20_44_557.jpg,0,0,0,7.531997
/home/workspace/CarND-Behavioral-Cloning-P3/data_eeshan/IMG/center_2020_05_31_16_20_44_643.jpg,/home/workspace/CarND-Behavioral-Cloning-P3/data_eeshan/IMG/left_2020_05_31_16_20_44_643.jpg,/home/workspace/CarND-Behavioral-Cloning-P3/data_eeshan/IMG/right_2020_05_31_16_20_44_643.jpg,0,0,0,7.470292
/home/workspace/CarND-Behavioral-Cloning-P3/data_eeshan/IMG/center_2020_05_31_16_20_44_730.jpg,/home/workspace/CarND-Behavioral-Cloning-P3/data_eeshan/IMG/left_2020_05_31_16_20_44_730.jpg,/home/workspace/CarND-Behavioral-Cloning-P3/data_eeshan/IMG/right_2020_05_31_16_20_44_730.jpg,0,0,0,7.409125
/home/workspace/CarND-Behavioral-Cloning-P3/data_eeshan/IMG/center_2020_05_31_16_20_44_815.jpg,/home/workspace/CarND-Behavioral-Cloning-P3/data_eeshan/IMG/left_2020_05_31_16_20_44_815.jpg,/home/workspace/CarND-Behavioral-Cloning-P3/data_eeshan/IMG/right_2020_05_31_16_20_44_815.jpg,0,0,0,7.333364
/home/workspace/CarND-Behavioral-Cloning-P3/data_eeshan/IMG/center_2020_05_31_16_20_44_902.jpg,/home/workspace/CarND-Behavioral-Cloning-P3/data_eeshan/IMG/left_2020_05_31_16_20_44_902.jpg,/home/workspace/CarND-Behavioral-Cloning-P3/data_eeshan/IMG/right_2020_05_31_16_20_44_902.jpg,0,0,0,7.273304
/home/workspace/CarND-Behavioral-Cloning-P3/data_eeshan/IMG/center_2020_05_31_16_20_44_980.jpg,/home/workspace/CarND-Behavioral-Cloning-P3/data_eeshan/IMG/left_2020_05_31_16_20_44_980.jpg,/home/workspace/CarND-Behavioral-Cloning-P3/data_eeshan/IMG/right_2020_05_31_16_20_44_980.jpg,0,0,0,7.213727
/home/workspace/CarND-Behavioral-Cloning-P3/data_eeshan/IMG/center_2020_05_31_16_20_45_060.jpg,/home/workspace/CarND-Behavioral-Cloning-P3/data_eeshan/IMG/left_2020_05_31_16_20_45_060.jpg,/home/workspace/CarND-Behavioral-Cloning-P3/data_eeshan/IMG/right_2020_05_31_16_20_45_060.jpg,-0.15,0,0,7.150028
/home/workspace/CarND-Behavioral-Cloning-P3/data_eeshan/IMG/center_2020_05_31_16_20_45_143.jpg,/home/workspace/CarND-Behavioral-Cloning-P3/data_eeshan/IMG/left_2020_05_31_16_20_45_143.jpg,/home/workspace/CarND-Behavioral-Cloning-P3/data_eeshan/IMG/right_2020_05_31_16_20_45_143.jpg,-0.35,0,0,7.068021
/home/workspace/CarND-Behavioral-Cloning-P3/data_eeshan/IMG/center_2020_05_31_16_20_45_227.jpg,/home/workspace/CarND-Behavioral-Cloning-P3/data_eeshan/IMG/left_2020_05_31_16_20_45_227.jpg,/home/workspace/CarND-Behavioral-Cloning-P3/data_eeshan/IMG/right_2020_05_31_16_20_45_227.jpg,-0.5500001,0,0,6.96986
/home/workspace/CarND-Behavioral-Cloning-P3/data_eeshan/IMG/center_2020_05_31_16_20_45_315.jpg,/home/workspace/CarND-Behavioral-Cloning-P3/data_eeshan/IMG/left_2020_05_31_16_20_45_315.jpg,/home/workspace/CarND-Behavioral-Cloning-P3/data_eeshan/IMG/right_2020_05_31_16_20_45_315.jpg,-0.7520249,0,0,6.832226
/home/workspace/CarND-Behavioral-Cloning-P3/data_eeshan/IMG/center_2020_05_31_16_20_45_408.jpg,/home/workspace/CarND-Behavioral-Cloning-P3/data_eeshan/IMG/left_2020_05_31_16_20_45_408.jpg,/home/workspace/CarND-Behavioral-Cloning-P3/data_eeshan/IMG/right_2020_05_31_16_20_45_408.jpg,-0.4739127,0,0,6.789132
/home/workspace/CarND-Behavioral-Cloning-P3/data_eeshan/IMG/center_2020_05_31_16_20_45_494.jpg,/home/workspace/CarND-Behavioral-Cloning-P3/data_eeshan/IMG/left_2020_05_31_16_20_45_494.jpg,/home/workspace/CarND-Behavioral-Cloning-P3/data_eeshan/IMG/right_2020_05_31_16_20_45_494.jpg,-0.2145031,0,0,6.730742
/home/workspace/CarND-Behavioral-Cloning-P3/data_eeshan/IMG/center_2020_05_31_16_20_45_590.jpg,/home/workspace/CarND-Behavioral-Cloning-P3/data_eeshan/IMG/left_2020_05_31_16_20_45_590.jpg,/home/workspace/CarND-Behavioral-Cloning-P3/data_eeshan/IMG/right_2020_05_31_16_20_45_590.jpg,0,0,0,6.666769
/home/workspace/CarND-Behavioral-Cloning-P3/data_eeshan/IMG/center_2020_05_31_16_20_45_685.jpg,/home/workspace/CarND-Behavioral-Cloning-P3/data_eeshan/IMG/left_2020_05_31_16_20_45_685.jpg,/home/workspace/CarND-Behavioral-Cloning-P3/data_eeshan/IMG/right_2020_05_31_16_20_45_685.jpg,0,0,0,6.597756
/home/workspace/CarND-Behavioral-Cloning-P3/data_eeshan/IMG/center_2020_05_31_16_20_45_778.jpg,/home/workspace/CarND-Behavioral-Cloning-P3/data_eeshan/IMG/left_2020_05_31_16_20_45_778.jpg,/home/workspace/CarND-Behavioral-Cloning-P3/data_eeshan/IMG/right_2020_05_31_16_20_45_778.jpg,0,0,0,6.530815
/home/workspace/CarND-Behavioral-Cloning-P3/data_eeshan/IMG/center_2020_05_31_16_20_45_871.jpg,/home/workspace/CarND-Behavioral-Cloning-P3/data_eeshan/IMG/left_2020_05_31_16_20_45_871.jpg,/home/workspace/CarND-Behavioral-Cloning-P3/data_eeshan/IMG/right_2020_05_31_16_20_45_871.jpg,0,0,0,6.477789
/home/workspace/CarND-Behavioral-Cloning-P3/data_eeshan/IMG/center_2020_05_31_16_20_45_965.jpg,/home/workspace/CarND-Behavioral-Cloning-P3/data_eeshan/IMG/left_2020_05_31_16_20_45_965.jpg,/home/workspace/CarND-Behavioral-Cloning-P3/data_eeshan/IMG/right_2020_05_31_16_20_45_965.jpg,0.05,0,0,6.411632
/home/workspace/CarND-Behavioral-Cloning-P3/data_eeshan/IMG/center_2020_05_31_16_20_46_055.jpg,/home/workspace/CarND-Behavioral-Cloning-P3/data_eeshan/IMG/left_2020_05_31_16_20_46_055.jpg,/home/workspace/CarND-Behavioral-Cloning-P3/data_eeshan/IMG/right_2020_05_31_16_20_46_055.jpg,0.3,0,0,6.327317
/home/workspace/CarND-Behavioral-Cloning-P3/data_eeshan/IMG/center_2020_05_31_16_20_46_123.jpg,/home/workspace/CarND-Behavioral-Cloning-P3/data_eeshan/IMG/left_2020_05_31_16_20_46_123.jpg,/home/workspace/CarND-Behavioral-Cloning-P3/data_eeshan/IMG/right_2020_05_31_16_20_46_123.jpg,0.45,0,0,6.264692
/home/workspace/CarND-Behavioral-Cloning-P3/data_eeshan/IMG/center_2020_05_31_16_20_46_221.jpg,/home/workspace/CarND-Behavioral-Cloning-P3/data_eeshan/IMG/left_2020_05_31_16_20_46_221.jpg,/home/workspace/CarND-Behavioral-Cloning-P3/data_eeshan/IMG/right_2020_05_31_16_20_46_221.jpg,0.2798331,0,0,6.193477
/home/workspace/CarND-Behavioral-Cloning-P3/data_eeshan/IMG/center_2020_05_31_16_20_46_312.jpg,/home/workspace/CarND-Behavioral-Cloning-P3/data_eeshan/IMG/left_2020_05_31_16_20_46_312.jpg,/home/workspace/CarND-Behavioral-Cloning-P3/data_eeshan/IMG/right_2020_05_31_16_20_46_312.jpg,0.008000135,0,0,6.139327
/home/workspace/CarND-Behavioral-Cloning-P3/data_eeshan/IMG/center_2020_05_31_16_20_46_403.jpg,/home/workspace/CarND-Behavioral-Cloning-P3/data_eeshan/IMG/left_2020_05_31_16_20_46_403.jpg,/home/workspace/CarND-Behavioral-Cloning-P3/data_eeshan/IMG/right_2020_05_31_16_20_46_403.jpg,0,0,0,6.074356
/home/workspace/CarND-Behavioral-Cloning-P3/data_eeshan/IMG/center_2020_05_31_16_20_46_495.jpg,/home/workspace/CarND-Behavioral-Cloning-P3/data_eeshan/IMG/left_2020_05_31_16_20_46_495.jpg,/home/workspace/CarND-Behavioral-Cloning-P3/data_eeshan/IMG/right_2020_05_31_16_20_46_495.jpg,0,0,0,6.0124
/home/workspace/CarND-Behavioral-Cloning-P3/data_eeshan/IMG/center_2020_05_31_16_20_46_583.jpg,/home/workspace/CarND-Behavioral-Cloning-P3/data_eeshan/IMG/left_2020_05_31_16_20_46_583.jpg,/home/workspace/CarND-Behavioral-Cloning-P3/data_eeshan/IMG/right_2020_05_31_16_20_46_583.jpg,0,0,0,5.963316
/home/workspace/CarND-Behavioral-Cloning-P3/data_eeshan/IMG/center_2020_05_31_16_20_46_676.jpg,/home/workspace/CarND-Behavioral-Cloning-P3/data_eeshan/IMG/left_2020_05_31_16_20_46_676.jpg,/home/workspace/CarND-Behavioral-Cloning-P3/data_eeshan/IMG/right_2020_05_31_16_20_46_676.jpg,0,0,0,5.902516
/home/workspace/CarND-Behavioral-Cloning-P3/data_eeshan/IMG/center_2020_05_31_16_20_46_765.jpg,/home/workspace/CarND-Behavioral-Cloning-P3/data_eeshan/IMG/left_2020_05_31_16_20_46_765.jpg,/home/workspace/CarND-Behavioral-Cloning-P3/data_eeshan/IMG/right_2020_05_31_16_20_46_765.jpg,0.05,0,0,5.853859
/home/workspace/CarND-Behavioral-Cloning-P3/data_eeshan/IMG/center_2020_05_31_16_20_46_852.jpg,/home/workspace/CarND-Behavioral-Cloning-P3/data_eeshan/IMG/left_2020_05_31_16_20_46_852.jpg,/home/workspace/CarND-Behavioral-Cloning-P3/data_eeshan/IMG/right_2020_05_31_16_20_46_852.jpg,0.25,0,0,5.79383
/home/workspace/CarND-Behavioral-Cloning-P3/data_eeshan/IMG/center_2020_05_31_16_20_46_937.jpg,/home/workspace/CarND-Behavioral-Cloning-P3/data_eeshan/IMG/left_2020_05_31_16_20_46_937.jpg,/home/workspace/CarND-Behavioral-Cloning-P3/data_eeshan/IMG/right_2020_05_31_16_20_46_937.jpg,0.5000001,0,0,5.698527
/home/workspace/CarND-Behavioral-Cloning-P3/data_eeshan/IMG/center_2020_05_31_16_20_47_027.jpg,/home/workspace/CarND-Behavioral-Cloning-P3/data_eeshan/IMG/left_2020_05_31_16_20_47_027.jpg,/home/workspace/CarND-Behavioral-Cloning-P3/data_eeshan/IMG/right_2020_05_31_16_20_47_027.jpg,0.5167623,0,0,5.624739
/home/workspace/CarND-Behavioral-Cloning-P3/data_eeshan/IMG/center_2020_05_31_16_20_47_113.jpg,/home/workspace/CarND-Behavioral-Cloning-P3/data_eeshan/IMG/left_2020_05_31_16_20_47_113.jpg,/home/workspace/CarND-Behavioral-Cloning-P3/data_eeshan/IMG/right_2020_05_31_16_20_47_113.jpg,0.2601306,0,0,5.576893
/home/workspace/CarND-Behavioral-Cloning-P3/data_eeshan/IMG/center_2020_05_31_16_20_47_198.jpg,/home/workspace/CarND-Behavioral-Cloning-P3/data_eeshan/IMG/left_2020_05_31_16_20_47_198.jpg,/home/workspace/CarND-Behavioral-Cloning-P3/data_eeshan/IMG/right_2020_05_31_16_20_47_198.jpg,0.004590511,0,0,5.524797
/home/workspace/CarND-Behavioral-Cloning-P3/data_eeshan/IMG/center_2020_05_31_16_20_47_283.jpg,/home/workspace/CarND-Behavioral-Cloning-P3/data_eeshan/IMG/left_2020_05_31_16_20_47_283.jpg,/home/workspace/CarND-Behavioral-Cloning-P3/data_eeshan/IMG/right_2020_05_31_16_20_47_283.jpg,0,0,0,5.478154
/home/workspace/CarND-Behavioral-Cloning-P3/data_eeshan/IMG/center_2020_05_31_16_20_47_369.jpg,/home/workspace/CarND-Behavioral-Cloning-P3/data_eeshan/IMG/left_2020_05_31_16_20_47_369.jpg,/home/workspace/CarND-Behavioral-Cloning-P3/data_eeshan/IMG/right_2020_05_31_16_20_47_369.jpg,0,0,0,5.433012
/home/workspace/CarND-Behavioral-Cloning-P3/data_eeshan/IMG/center_2020_05_31_16_20_47_453.jpg,/home/workspace/CarND-Behavioral-Cloning-P3/data_eeshan/IMG/left_2020_05_31_16_20_47_453.jpg,/home/workspace/CarND-Behavioral-Cloning-P3/data_eeshan/IMG/right_2020_05_31_16_20_47_453.jpg,0,0,0,5.377136
/home/workspace/CarND-Behavioral-Cloning-P3/data_eeshan/IMG/center_2020_05_31_16_20_47_536.jpg,/home/workspace/CarND-Behavioral-Cloning-P3/data_eeshan/IMG/left_2020_05_31_16_20_47_536.jpg,/home/workspace/CarND-Behavioral-Cloning-P3/data_eeshan/IMG/right_2020_05_31_16_20_47_536.jpg,0,0,0,5.33284
/home/workspace/CarND-Behavioral-Cloning-P3/data_eeshan/IMG/center_2020_05_31_16_20_47_625.jpg,/home/workspace/CarND-Behavioral-Cloning-P3/data_eeshan/IMG/left_2020_05_31_16_20_47_625.jpg,/home/workspace/CarND-Behavioral-Cloning-P3/data_eeshan/IMG/right_2020_05_31_16_20_47_625.jpg,0,0,0,5.288898
/home/workspace/CarND-Behavioral-Cloning-P3/data_eeshan/IMG/center_2020_05_31_16_20_47_714.jpg,/home/workspace/CarND-Behavioral-Cloning-P3/data_eeshan/IMG/left_2020_05_31_16_20_47_714.jpg,/home/workspace/CarND-Behavioral-Cloning-P3/data_eeshan/IMG/right_2020_05_31_16_20_47_714.jpg,0,0,0,5.234466
/home/workspace/CarND-Behavioral-Cloning-P3/data_eeshan/IMG/center_2020_05_31_16_20_47_799.jpg,/home/workspace/CarND-Behavioral-Cloning-P3/data_eeshan/IMG/left_2020_05_31_16_20_47_799.jpg,/home/workspace/CarND-Behavioral-Cloning-P3/data_eeshan/IMG/right_2020_05_31_16_20_47_799.jpg,0.15,0,0,5.187243
/home/workspace/CarND-Behavioral-Cloning-P3/data_eeshan/IMG/center_2020_05_31_16_20_47_881.jpg,/home/workspace/CarND-Behavioral-Cloning-P3/data_eeshan/IMG/left_2020_05_31_16_20_47_881.jpg,/home/workspace/CarND-Behavioral-Cloning-P3/data_eeshan/IMG/right_2020_05_31_16_20_47_881.jpg,0.35,0,0,5.126391
/home/workspace/CarND-Behavioral-Cloning-P3/data_eeshan/IMG/center_2020_05_31_16_20_47_966.jpg,/home/workspace/CarND-Behavioral-Cloning-P3/data_eeshan/IMG/left_2020_05_31_16_20_47_966.jpg,/home/workspace/CarND-Behavioral-Cloning-P3/data_eeshan/IMG/right_2020_05_31_16_20_47_966.jpg,0.5500001,0,0,5.054247
/home/workspace/CarND-Behavioral-Cloning-P3/data_eeshan/IMG/center_2020_05_31_16_20_48_047.jpg,/home/workspace/CarND-Behavioral-Cloning-P3/data_eeshan/IMG/left_2020_05_31_16_20_48_047.jpg,/home/workspace/CarND-Behavioral-Cloning-P3/data_eeshan/IMG/right_2020_05_31_16_20_48_047.jpg,0.7559373,0,0,4.97026
/home/workspace/CarND-Behavioral-Cloning-P3/data_eeshan/IMG/center_2020_05_31_16_20_48_125.jpg,/home/workspace/CarND-Behavioral-Cloning-P3/data_eeshan/IMG/left_2020_05_31_16_20_48_125.jpg,/home/workspace/CarND-Behavioral-Cloning-P3/data_eeshan/IMG/right_2020_05_31_16_20_48_125.jpg,0.5198822,0,0,4.934107
/home/workspace/CarND-Behavioral-Cloning-P3/data_eeshan/IMG/center_2020_05_31_16_20_48_209.jpg,/home/workspace/CarND-Behavioral-Cloning-P3/data_eeshan/IMG/left_2020_05_31_16_20_48_209.jpg,/home/workspace/CarND-Behavioral-Cloning-P3/data_eeshan/IMG/right_2020_05_31_16_20_48_209.jpg,0.2693646,0,0,4.902442
/home/workspace/CarND-Behavioral-Cloning-P3/data_eeshan/IMG/center_2020_05_31_16_20_48_288.jpg,/home/workspace/CarND-Behavioral-Cloning-P3/data_eeshan/IMG/left_2020_05_31_16_20_48_288.jpg,/home/workspace/CarND-Behavioral-Cloning-P3/data_eeshan/IMG/right_2020_05_31_16_20_48_288.jpg,0.0333066,0,0,4.8602
/home/workspace/CarND-Behavioral-Cloning-P3/data_eeshan/IMG/center_2020_05_31_16_20_48_373.jpg,/home/workspace/CarND-Behavioral-Cloning-P3/data_eeshan/IMG/left_2020_05_31_16_20_48_373.jpg,/home/workspace/CarND-Behavioral-Cloning-P3/data_eeshan/IMG/right_2020_05_31_16_20_48_373.jpg,0,0,0,4.806904
/home/workspace/CarND-Behavioral-Cloning-P3/data_eeshan/IMG/center_2020_05_31_16_20_48_455.jpg,/home/workspace/CarND-Behavioral-Cloning-P3/data_eeshan/IMG/left_2020_05_31_16_20_48_455.jpg,/home/workspace/CarND-Behavioral-Cloning-P3/data_eeshan/IMG/right_2020_05_31_16_20_48_455.jpg,0,0,0,4.766759
/home/workspace/CarND-Behavioral-Cloning-P3/data_eeshan/IMG/center_2020_05_31_16_20_48_535.jpg,/home/workspace/CarND-Behavioral-Cloning-P3/data_eeshan/IMG/left_2020_05_31_16_20_48_535.jpg,/home/workspace/CarND-Behavioral-Cloning-P3/data_eeshan/IMG/right_2020_05_31_16_20_48_535.jpg,0,0,0,4.726958
/home/workspace/CarND-Behavioral-Cloning-P3/data_eeshan/IMG/center_2020_05_31_16_20_48_621.jpg,/home/workspace/CarND-Behavioral-Cloning-P3/data_eeshan/IMG/left_2020_05_31_16_20_48_621.jpg,/home/workspace/CarND-Behavioral-Cloning-P3/data_eeshan/IMG/right_2020_05_31_16_20_48_621.jpg,0,0,0,4.687476
/home/workspace/CarND-Behavioral-Cloning-P3/data_eeshan/IMG/center_2020_05_31_16_20_48_705.jpg,/home/workspace/CarND-Behavioral-Cloning-P3/data_eeshan/IMG/left_2020_05_31_16_20_48_705.jpg,/home/workspace/CarND-Behavioral-Cloning-P3/data_eeshan/IMG/right_2020_05_31_16_20_48_705.jpg,0,0,0,4.64831
/home/workspace/CarND-Behavioral-Cloning-P3/data_eeshan/IMG/center_2020_05_31_16_20_48_783.jpg,/home/workspace/CarND-Behavioral-Cloning-P3/data_eeshan/IMG/left_2020_05_31_16_20_48_783.jpg,/home/workspace/CarND-Behavioral-Cloning-P3/data_eeshan/IMG/right_2020_05_31_16_20_48_783.jpg,0,0,0,4.60946
/home/workspace/CarND-Behavioral-Cloning-P3/data_eeshan/IMG/center_2020_05_31_16_20_48_865.jpg,/home/workspace/CarND-Behavioral-Cloning-P3/data_eeshan/IMG/left_2020_05_31_16_20_48_865.jpg,/home/workspace/CarND-Behavioral-Cloning-P3/data_eeshan/IMG/right_2020_05_31_16_20_48_865.jpg,0,0,0,4.57092
/home/workspace/CarND-Behavioral-Cloning-P3/data_eeshan/IMG/center_2020_05_31_16_20_48_954.jpg,/home/workspace/CarND-Behavioral-Cloning-P3/data_eeshan/IMG/left_2020_05_31_16_20_48_954.jpg,/home/workspace/CarND-Behavioral-Cloning-P3/data_eeshan/IMG/right_2020_05_31_16_20_48_954.jpg,0,0,0,4.523182
/home/workspace/CarND-Behavioral-Cloning-P3/data_eeshan/IMG/center_2020_05_31_16_20_49_038.jpg,/home/workspace/CarND-Behavioral-Cloning-P3/data_eeshan/IMG/left_2020_05_31_16_20_49_038.jpg,/home/workspace/CarND-Behavioral-Cloning-P3/data_eeshan/IMG/right_2020_05_31_16_20_49_038.jpg,0.1,0,0,4.483733
/home/workspace/CarND-Behavioral-Cloning-P3/data_eeshan/IMG/center_2020_05_31_16_20_49_123.jpg,/home/workspace/CarND-Behavioral-Cloning-P3/data_eeshan/IMG/left_2020_05_31_16_20_49_123.jpg,/home/workspace/CarND-Behavioral-Cloning-P3/data_eeshan/IMG/right_2020_05_31_16_20_49_123.jpg,0.3,0,0,4.433458
/home/workspace/CarND-Behavioral-Cloning-P3/data_eeshan/IMG/center_2020_05_31_16_20_49_208.jpg,/home/workspace/CarND-Behavioral-Cloning-P3/data_eeshan/IMG/left_2020_05_31_16_20_49_208.jpg,/home/workspace/CarND-Behavioral-Cloning-P3/data_eeshan/IMG/right_2020_05_31_16_20_49_208.jpg,0.2729795,0,0,4.385767
/home/workspace/CarND-Behavioral-Cloning-P3/data_eeshan/IMG/center_2020_05_31_16_20_49_286.jpg,/home/workspace/CarND-Behavioral-Cloning-P3/data_eeshan/IMG/left_2020_05_31_16_20_49_286.jpg,/home/workspace/CarND-Behavioral-Cloning-P3/data_eeshan/IMG/right_2020_05_31_16_20_49_286.jpg,0.03903651,0,0,4.349212
/home/workspace/CarND-Behavioral-Cloning-P3/data_eeshan/IMG/center_2020_05_31_16_20_49_368.jpg,/home/workspace/CarND-Behavioral-Cloning-P3/data_eeshan/IMG/left_2020_05_31_16_20_49_368.jpg,/home/workspace/CarND-Behavioral-Cloning-P3/data_eeshan/IMG/right_2020_05_31_16_20_49_368.jpg,0,0,0,4.310731
/home/workspace/CarND-Behavioral-Cloning-P3/data_eeshan/IMG/center_2020_05_31_16_20_49_457.jpg,/home/workspace/CarND-Behavioral-Cloning-P3/data_eeshan/IMG/left_2020_05_31_16_20_49_457.jpg,/home/workspace/CarND-Behavioral-Cloning-P3/data_eeshan/IMG/right_2020_05_31_16_20_49_457.jpg,0,0,0,4.265446
/home/workspace/CarND-Behavioral-Cloning-P3/data_eeshan/IMG/center_2020_05_31_16_20_49_545.jpg,/home/workspace/CarND-Behavioral-Cloning-P3/data_eeshan/IMG/left_2020_05_31_16_20_49_545.jpg,/home/workspace/CarND-Behavioral-Cloning-P3/data_eeshan/IMG/right_2020_05_31_16_20_49_545.jpg,0,0,0,4.22957
/home/workspace/CarND-Behavioral-Cloning-P3/data_eeshan/IMG/center_2020_05_31_16_20_49_630.jpg,/home/workspace/CarND-Behavioral-Cloning-P3/data_eeshan/IMG/left_2020_05_31_16_20_49_630.jpg,/home/workspace/CarND-Behavioral-Cloning-P3/data_eeshan/IMG/right_2020_05_31_16_20_49_630.jpg,0.1,0,0,4.192447
/home/workspace/CarND-Behavioral-Cloning-P3/data_eeshan/IMG/center_2020_05_31_16_20_49_714.jpg,/home/workspace/CarND-Behavioral-Cloning-P3/data_eeshan/IMG/left_2020_05_31_16_20_49_714.jpg,/home/workspace/CarND-Behavioral-Cloning-P3/data_eeshan/IMG/right_2020_05_31_16_20_49_714.jpg,0.35,0,0,4.131908
/home/workspace/CarND-Behavioral-Cloning-P3/data_eeshan/IMG/center_2020_05_31_16_20_49_800.jpg,/home/workspace/CarND-Behavioral-Cloning-P3/data_eeshan/IMG/left_2020_05_31_16_20_49_800.jpg,/home/workspace/CarND-Behavioral-Cloning-P3/data_eeshan/IMG/right_2020_05_31_16_20_49_800.jpg,0.5500001,0,0,4.0734
/home/workspace/CarND-Behavioral-Cloning-P3/data_eeshan/IMG/center_2020_05_31_16_20_49_884.jpg,/home/workspace/CarND-Behavioral-Cloning-P3/data_eeshan/IMG/left_2020_05_31_16_20_49_884.jpg,/home/workspace/CarND-Behavioral-Cloning-P3/data_eeshan/IMG/right_2020_05_31_16_20_49_884.jpg,0.4246645,0,0,4.034287
/home/workspace/CarND-Behavioral-Cloning-P3/data_eeshan/IMG/center_2020_05_31_16_20_49_963.jpg,/home/workspace/CarND-Behavioral-Cloning-P3/data_eeshan/IMG/left_2020_05_31_16_20_49_963.jpg,/home/workspace/CarND-Behavioral-Cloning-P3/data_eeshan/IMG/right_2020_05_31_16_20_49_963.jpg,0.1862934,0,0,4.00502
/home/workspace/CarND-Behavioral-Cloning-P3/data_eeshan/IMG/center_2020_05_31_16_20_50_040.jpg,/home/workspace/CarND-Behavioral-Cloning-P3/data_eeshan/IMG/left_2020_05_31_16_20_50_040.jpg,/home/workspace/CarND-Behavioral-Cloning-P3/data_eeshan/IMG/right_2020_05_31_16_20_50_040.jpg,0,0,0,3.967893
/home/workspace/CarND-Behavioral-Cloning-P3/data_eeshan/IMG/center_2020_05_31_16_20_50_122.jpg,/home/workspace/CarND-Behavioral-Cloning-P3/data_eeshan/IMG/left_2020_05_31_16_20_50_122.jpg,/home/workspace/CarND-Behavioral-Cloning-P3/data_eeshan/IMG/right_2020_05_31_16_20_50_122.jpg,0,0,0,3.933922
/home/workspace/CarND-Behavioral-Cloning-P3/data_eeshan/IMG/center_2020_05_31_16_20_50_202.jpg,/home/workspace/CarND-Behavioral-Cloning-P3/data_eeshan/IMG/left_2020_05_31_16_20_50_202.jpg,/home/workspace/CarND-Behavioral-Cloning-P3/data_eeshan/IMG/right_2020_05_31_16_20_50_202.jpg,0,0,0,3.900501
/home/workspace/CarND-Behavioral-Cloning-P3/data_eeshan/IMG/center_2020_05_31_16_20_50_288.jpg,/home/workspace/CarND-Behavioral-Cloning-P3/data_eeshan/IMG/left_2020_05_31_16_20_50_288.jpg,/home/workspace/CarND-Behavioral-Cloning-P3/data_eeshan/IMG/right_2020_05_31_16_20_50_288.jpg,0.05,0,0,3.866976
/home/workspace/CarND-Behavioral-Cloning-P3/data_eeshan/IMG/center_2020_05_31_16_20_50_358.jpg,/home/workspace/CarND-Behavioral-Cloning-P3/data_eeshan/IMG/left_2020_05_31_16_20_50_358.jpg,/home/workspace/CarND-Behavioral-Cloning-P3/data_eeshan/IMG/right_2020_05_31_16_20_50_358.jpg,0.25,0,0,3.825649
/home/workspace/CarND-Behavioral-Cloning-P3/data_eeshan/IMG/center_2020_05_31_16_20_50_438.jpg,/home/workspace/CarND-Behavioral-Cloning-P3/data_eeshan/IMG/left_2020_05_31_16_20_50_438.jpg,/home/workspace/CarND-Behavioral-Cloning-P3/data_eeshan/IMG/right_2020_05_31_16_20_50_438.jpg,0.07260346,0,0,3.792709
/home/workspace/CarND-Behavioral-Cloning-P3/data_eeshan/IMG/center_2020_05_31_16_20_50_516.jpg,/home/workspace/CarND-Behavioral-Cloning-P3/data_eeshan/IMG/left_2020_05_31_16_20_50_516.jpg,/home/workspace/CarND-Behavioral-Cloning-P3/data_eeshan/IMG/right_2020_05_31_16_20_50_516.jpg,0,0,0,3.7588
/home/workspace/CarND-Behavioral-Cloning-P3/data_eeshan/IMG/center_2020_05_31_16_20_50_595.jpg,/home/workspace/CarND-Behavioral-Cloning-P3/data_eeshan/IMG/left_2020_05_31_16_20_50_595.jpg,/home/workspace/CarND-Behavioral-Cloning-P3/data_eeshan/IMG/right_2020_05_31_16_20_50_595.jpg,0,0,0,3.726732
/home/workspace/CarND-Behavioral-Cloning-P3/data_eeshan/IMG/center_2020_05_31_16_20_50_674.jpg,/home/workspace/CarND-Behavioral-Cloning-P3/data_eeshan/IMG/left_2020_05_31_16_20_50_674.jpg,/home/workspace/CarND-Behavioral-Cloning-P3/data_eeshan/IMG/right_2020_05_31_16_20_50_674.jpg,0,0,0,3.694939
/home/workspace/CarND-Behavioral-Cloning-P3/data_eeshan/IMG/center_2020_05_31_16_20_50_757.jpg,/home/workspace/CarND-Behavioral-Cloning-P3/data_eeshan/IMG/left_2020_05_31_16_20_50_757.jpg,/home/workspace/CarND-Behavioral-Cloning-P3/data_eeshan/IMG/right_2020_05_31_16_20_50_757.jpg,0,0,0,3.6634
/home/workspace/CarND-Behavioral-Cloning-P3/data_eeshan/IMG/center_2020_05_31_16_20_50_839.jpg,/home/workspace/CarND-Behavioral-Cloning-P3/data_eeshan/IMG/left_2020_05_31_16_20_50_839.jpg,/home/workspace/CarND-Behavioral-Cloning-P3/data_eeshan/IMG/right_2020_05_31_16_20_50_839.jpg,0.1,0,0,3.630716
/home/workspace/CarND-Behavioral-Cloning-P3/data_eeshan/IMG/center_2020_05_31_16_20_50_920.jpg,/home/workspace/CarND-Behavioral-Cloning-P3/data_eeshan/IMG/left_2020_05_31_16_20_50_920.jpg,/home/workspace/CarND-Behavioral-Cloning-P3/data_eeshan/IMG/right_2020_05_31_16_20_50_920.jpg,0.3,0,0,3.58932
/home/workspace/CarND-Behavioral-Cloning-P3/data_eeshan/IMG/center_2020_05_31_16_20_51_003.jpg,/home/workspace/CarND-Behavioral-Cloning-P3/data_eeshan/IMG/left_2020_05_31_16_20_51_003.jpg,/home/workspace/CarND-Behavioral-Cloning-P3/data_eeshan/IMG/right_2020_05_31_16_20_51_003.jpg,0.2401915,0.08635497,0,3.571219
/home/workspace/CarND-Behavioral-Cloning-P3/data_eeshan/IMG/center_2020_05_31_16_20_51_079.jpg,/home/workspace/CarND-Behavioral-Cloning-P3/data_eeshan/IMG/left_2020_05_31_16_20_51_079.jpg,/home/workspace/CarND-Behavioral-Cloning-P3/data_eeshan/IMG/right_2020_05_31_16_20_51_079.jpg,0.01348472,0.3130617,0,3.779411
/home/workspace/CarND-Behavioral-Cloning-P3/data_eeshan/IMG/center_2020_05_31_16_20_51_152.jpg,/home/workspace/CarND-Behavioral-Cloning-P3/data_eeshan/IMG/left_2020_05_31_16_20_51_152.jpg,/home/workspace/CarND-Behavioral-Cloning-P3/data_eeshan/IMG/right_2020_05_31_16_20_51_152.jpg,0,0.5317676,0,4.081553
/home/workspace/CarND-Behavioral-Cloning-P3/data_eeshan/IMG/center_2020_05_31_16_20_51_235.jpg,/home/workspace/CarND-Behavioral-Cloning-P3/data_eeshan/IMG/left_2020_05_31_16_20_51_235.jpg,/home/workspace/CarND-Behavioral-Cloning-P3/data_eeshan/IMG/right_2020_05_31_16_20_51_235.jpg,0,0.7814097,0,4.874878
/home/workspace/CarND-Behavioral-Cloning-P3/data_eeshan/IMG/center_2020_05_31_16_20_51_313.jpg,/home/workspace/CarND-Behavioral-Cloning-P3/data_eeshan/IMG/left_2020_05_31_16_20_51_313.jpg,/home/workspace/CarND-Behavioral-Cloning-P3/data_eeshan/IMG/right_2020_05_31_16_20_51_313.jpg,0,1,0,5.740395
/home/workspace/CarND-Behavioral-Cloning-P3/data_eeshan/IMG/center_2020_05_31_16_20_51_394.jpg,/home/workspace/CarND-Behavioral-Cloning-P3/data_eeshan/IMG/left_2020_05_31_16_20_51_394.jpg,/home/workspace/CarND-Behavioral-Cloning-P3/data_eeshan/IMG/right_2020_05_31_16_20_51_394.jpg,0,0.7567236,0,6.499507
/home/workspace/CarND-Behavioral-Cloning-P3/data_eeshan/IMG/center_2020_05_31_16_20_51_475.jpg,/home/workspace/CarND-Behavioral-Cloning-P3/data_eeshan/IMG/left_2020_05_31_16_20_51_475.jpg,/home/workspace/CarND-Behavioral-Cloning-P3/data_eeshan/IMG/right_2020_05_31_16_20_51_475.jpg,0,0.513418,0,7.014138
/home/workspace/CarND-Behavioral-Cloning-P3/data_eeshan/IMG/center_2020_05_31_16_20_51_553.jpg,/home/workspace/CarND-Behavioral-Cloning-P3/data_eeshan/IMG/left_2020_05_31_16_20_51_553.jpg,/home/workspace/CarND-Behavioral-Cloning-P3/data_eeshan/IMG/right_2020_05_31_16_20_51_553.jpg,0,0.2806866,0,7.3013
/home/workspace/CarND-Behavioral-Cloning-P3/data_eeshan/IMG/center_2020_05_31_16_20_51_631.jpg,/home/workspace/CarND-Behavioral-Cloning-P3/data_eeshan/IMG/left_2020_05_31_16_20_51_631.jpg,/home/workspace/CarND-Behavioral-Cloning-P3/data_eeshan/IMG/right_2020_05_31_16_20_51_631.jpg,0,0.0458796,0,7.364277
/home/workspace/CarND-Behavioral-Cloning-P3/data_eeshan/IMG/center_2020_05_31_16_20_51_708.jpg,/home/workspace/CarND-Behavioral-Cloning-P3/data_eeshan/IMG/left_2020_05_31_16_20_51_708.jpg,/home/workspace/CarND-Behavioral-Cloning-P3/data_eeshan/IMG/right_2020_05_31_16_20_51_708.jpg,0,0,0,7.306215
/home/workspace/CarND-Behavioral-Cloning-P3/data_eeshan/IMG/center_2020_05_31_16_20_51_781.jpg,/home/workspace/CarND-Behavioral-Cloning-P3/data_eeshan/IMG/left_2020_05_31_16_20_51_781.jpg,/home/workspace/CarND-Behavioral-Cloning-P3/data_eeshan/IMG/right_2020_05_31_16_20_51_781.jpg,0,0,0,7.245581
/home/workspace/CarND-Behavioral-Cloning-P3/data_eeshan/IMG/center_2020_05_31_16_20_51_863.jpg,/home/workspace/CarND-Behavioral-Cloning-P3/data_eeshan/IMG/left_2020_05_31_16_20_51_863.jpg,/home/workspace/CarND-Behavioral-Cloning-P3/data_eeshan/IMG/right_2020_05_31_16_20_51_863.jpg,0,0,0,7.18543
/home/workspace/CarND-Behavioral-Cloning-P3/data_eeshan/IMG/center_2020_05_31_16_20_51_950.jpg,/home/workspace/CarND-Behavioral-Cloning-P3/data_eeshan/IMG/left_2020_05_31_16_20_51_950.jpg,/home/workspace/CarND-Behavioral-Cloning-P3/data_eeshan/IMG/right_2020_05_31_16_20_51_950.jpg,0,0,0,7.12576
/home/workspace/CarND-Behavioral-Cloning-P3/data_eeshan/IMG/center_2020_05_31_16_20_52_034.jpg,/home/workspace/CarND-Behavioral-Cloning-P3/data_eeshan/IMG/left_2020_05_31_16_20_52_034.jpg,/home/workspace/CarND-Behavioral-Cloning-P3/data_eeshan/IMG/right_2020_05_31_16_20_52_034.jpg,0,0,0,7.051849
/home/workspace/CarND-Behavioral-Cloning-P3/data_eeshan/IMG/center_2020_05_31_16_20_52_121.jpg,/home/workspace/CarND-Behavioral-Cloning-P3/data_eeshan/IMG/left_2020_05_31_16_20_52_121.jpg,/home/workspace/CarND-Behavioral-Cloning-P3/data_eeshan/IMG/right_2020_05_31_16_20_52_121.jpg,0,0,0,6.993255
/home/workspace/CarND-Behavioral-Cloning-P3/data_eeshan/IMG/center_2020_05_31_16_20_52_203.jpg,/home/workspace/CarND-Behavioral-Cloning-P3/data_eeshan/IMG/left_2020_05_31_16_20_52_203.jpg,/home/workspace/CarND-Behavioral-Cloning-P3/data_eeshan/IMG/right_2020_05_31_16_20_52_203.jpg,0,0,0,6.935132
/home/workspace/CarND-Behavioral-Cloning-P3/data_eeshan/IMG/center_2020_05_31_16_20_52_285.jpg,/home/workspace/CarND-Behavioral-Cloning-P3/data_eeshan/IMG/left_2020_05_31_16_20_52_285.jpg,/home/workspace/CarND-Behavioral-Cloning-P3/data_eeshan/IMG/right_2020_05_31_16_20_52_285.jpg,0,0,0,6.877476
/home/workspace/CarND-Behavioral-Cloning-P3/data_eeshan/IMG/center_2020_05_31_16_20_52_371.jpg,/home/workspace/CarND-Behavioral-Cloning-P3/data_eeshan/IMG/left_2020_05_31_16_20_52_371.jpg,/home/workspace/CarND-Behavioral-Cloning-P3/data_eeshan/IMG/right_2020_05_31_16_20_52_371.jpg,0,0,0,6.820284
/home/workspace/CarND-Behavioral-Cloning-P3/data_eeshan/IMG/center_2020_05_31_16_20_52_453.jpg,/home/workspace/CarND-Behavioral-Cloning-P3/data_eeshan/IMG/left_2020_05_31_16_20_52_453.jpg,/home/workspace/CarND-Behavioral-Cloning-P3/data_eeshan/IMG/right_2020_05_31_16_20_52_453.jpg,0,0.1658642,0,6.838916
/home/workspace/CarND-Behavioral-Cloning-P3/data_eeshan/IMG/center_2020_05_31_16_20_52_536.jpg,/home/workspace/CarND-Behavioral-Cloning-P3/data_eeshan/IMG/left_2020_05_31_16_20_52_536.jpg,/home/workspace/CarND-Behavioral-Cloning-P3/data_eeshan/IMG/right_2020_05_31_16_20_52_536.jpg,0,0.4163189,0,7.113184
/home/workspace/CarND-Behavioral-Cloning-P3/data_eeshan/IMG/center_2020_05_31_16_20_52_615.jpg,/home/workspace/CarND-Behavioral-Cloning-P3/data_eeshan/IMG/left_2020_05_31_16_20_52_615.jpg,/home/workspace/CarND-Behavioral-Cloning-P3/data_eeshan/IMG/right_2020_05_31_16_20_52_615.jpg,-0.2,0.476469,0,7.528638
/home/workspace/CarND-Behavioral-Cloning-P3/data_eeshan/IMG/center_2020_05_31_16_20_52_701.jpg,/home/workspace/CarND-Behavioral-Cloning-P3/data_eeshan/IMG/left_2020_05_31_16_20_52_701.jpg,/home/workspace/CarND-Behavioral-Cloning-P3/data_eeshan/IMG/right_2020_05_31_16_20_52_701.jpg,-0.3303265,0.2175837,0,7.751562
/home/workspace/CarND-Behavioral-Cloning-P3/data_eeshan/IMG/center_2020_05_31_16_20_52_790.jpg,/home/workspace/CarND-Behavioral-Cloning-P3/data_eeshan/IMG/left_2020_05_31_16_20_52_790.jpg,/home/workspace/CarND-Behavioral-Cloning-P3/data_eeshan/IMG/right_2020_05_31_16_20_52_790.jpg,-0.0651598,0,0,7.755158
/home/workspace/CarND-Behavioral-Cloning-P3/data_eeshan/IMG/center_2020_05_31_16_20_52_877.jpg,/home/workspace/CarND-Behavioral-Cloning-P3/data_eeshan/IMG/left_2020_05_31_16_20_52_877.jpg,/home/workspace/CarND-Behavioral-Cloning-P3/data_eeshan/IMG/right_2020_05_31_16_20_52_877.jpg,0,0,0,7.669443
/home/workspace/CarND-Behavioral-Cloning-P3/data_eeshan/IMG/center_2020_05_31_16_20_52_963.jpg,/home/workspace/CarND-Behavioral-Cloning-P3/data_eeshan/IMG/left_2020_05_31_16_20_52_963.jpg,/home/workspace/CarND-Behavioral-Cloning-P3/data_eeshan/IMG/right_2020_05_31_16_20_52_963.jpg,0,0,0,7.605798
/home/workspace/CarND-Behavioral-Cloning-P3/data_eeshan/IMG/center_2020_05_31_16_20_53_049.jpg,/home/workspace/CarND-Behavioral-Cloning-P3/data_eeshan/IMG/left_2020_05_31_16_20_53_049.jpg,/home/workspace/CarND-Behavioral-Cloning-P3/data_eeshan/IMG/right_2020_05_31_16_20_53_049.jpg,0,0,0,7.542868
/home/workspace/CarND-Behavioral-Cloning-P3/data_eeshan/IMG/center_2020_05_31_16_20_53_131.jpg,/home/workspace/CarND-Behavioral-Cloning-P3/data_eeshan/IMG/left_2020_05_31_16_20_53_131.jpg,/home/workspace/CarND-Behavioral-Cloning-P3/data_eeshan/IMG/right_2020_05_31_16_20_53_131.jpg,0,0,0,7.480466
/home/workspace/CarND-Behavioral-Cloning-P3/data_eeshan/IMG/center_2020_05_31_16_20_53_219.jpg,/home/workspace/CarND-Behavioral-Cloning-P3/data_eeshan/IMG/left_2020_05_31_16_20_53_219.jpg,/home/workspace/CarND-Behavioral-Cloning-P3/data_eeshan/IMG/right_2020_05_31_16_20_53_219.jpg,0,0,0,7.403172
/home/workspace/CarND-Behavioral-Cloning-P3/data_eeshan/IMG/center_2020_05_31_16_20_53_305.jpg,/home/workspace/CarND-Behavioral-Cloning-P3/data_eeshan/IMG/left_2020_05_31_16_20_53_305.jpg,/home/workspace/CarND-Behavioral-Cloning-P3/data_eeshan/IMG/right_2020_05_31_16_20_53_305.jpg,0,0,0,7.341897
/home/workspace/CarND-Behavioral-Cloning-P3/data_eeshan/IMG/center_2020_05_31_16_20_53_381.jpg,/home/workspace/CarND-Behavioral-Cloning-P3/data_eeshan/IMG/left_2020_05_31_16_20_53_381.jpg,/home/workspace/CarND-Behavioral-Cloning-P3/data_eeshan/IMG/right_2020_05_31_16_20_53_381.jpg,0,0,0,7.281116
/home/workspace/CarND-Behavioral-Cloning-P3/data_eeshan/IMG/center_2020_05_31_16_20_53_464.jpg,/home/workspace/CarND-Behavioral-Cloning-P3/data_eeshan/IMG/left_2020_05_31_16_20_53_464.jpg,/home/workspace/CarND-Behavioral-Cloning-P3/data_eeshan/IMG/right_2020_05_31_16_20_53_464.jpg,0,0,0,7.220824
/home/workspace/CarND-Behavioral-Cloning-P3/data_eeshan/IMG/center_2020_05_31_16_20_53_546.jpg,/home/workspace/CarND-Behavioral-Cloning-P3/data_eeshan/IMG/left_2020_05_31_16_20_53_546.jpg,/home/workspace/CarND-Behavioral-Cloning-P3/data_eeshan/IMG/right_2020_05_31_16_20_53_546.jpg,0,0,0,7.161018
/home/workspace/CarND-Behavioral-Cloning-P3/data_eeshan/IMG/center_2020_05_31_16_20_53_629.jpg,/home/workspace/CarND-Behavioral-Cloning-P3/data_eeshan/IMG/left_2020_05_31_16_20_53_629.jpg,/home/workspace/CarND-Behavioral-Cloning-P3/data_eeshan/IMG/right_2020_05_31_16_20_53_629.jpg,0,0,0,7.10169
/home/workspace/CarND-Behavioral-Cloning-P3/data_eeshan/IMG/center_2020_05_31_16_20_53_713.jpg,/home/workspace/CarND-Behavioral-Cloning-P3/data_eeshan/IMG/left_2020_05_31_16_20_53_713.jpg,/home/workspace/CarND-Behavioral-Cloning-P3/data_eeshan/IMG/right_2020_05_31_16_20_53_713.jpg,0,0,0,7.0282
/home/workspace/CarND-Behavioral-Cloning-P3/data_eeshan/IMG/center_2020_05_31_16_20_53_792.jpg,/home/workspace/CarND-Behavioral-Cloning-P3/data_eeshan/IMG/left_2020_05_31_16_20_53_792.jpg,/home/workspace/CarND-Behavioral-Cloning-P3/data_eeshan/IMG/right_2020_05_31_16_20_53_792.jpg,0,0,0,6.984462
/home/workspace/CarND-Behavioral-Cloning-P3/data_eeshan/IMG/center_2020_05_31_16_20_53_876.jpg,/home/workspace/CarND-Behavioral-Cloning-P3/data_eeshan/IMG/left_2020_05_31_16_20_53_876.jpg,/home/workspace/CarND-Behavioral-Cloning-P3/data_eeshan/IMG/right_2020_05_31_16_20_53_876.jpg,0,0,0,6.912149
/home/workspace/CarND-Behavioral-Cloning-P3/data_eeshan/IMG/center_2020_05_31_16_20_53_962.jpg,/home/workspace/CarND-Behavioral-Cloning-P3/data_eeshan/IMG/left_2020_05_31_16_20_53_962.jpg,/home/workspace/CarND-Behavioral-Cloning-P3/data_eeshan/IMG/right_2020_05_31_16_20_53_962.jpg,0,0.08873391,0,6.892564
/home/workspace/CarND-Behavioral-Cloning-P3/data_eeshan/IMG/center_2020_05_31_16_20_54_043.jpg,/home/workspace/CarND-Behavioral-Cloning-P3/data_eeshan/IMG/left_2020_05_31_16_20_54_043.jpg,/home/workspace/CarND-Behavioral-Cloning-P3/data_eeshan/IMG/right_2020_05_31_16_20_54_043.jpg,0,0.3331318,0,7.064128
/home/workspace/CarND-Behavioral-Cloning-P3/data_eeshan/IMG/center_2020_05_31_16_20_54_128.jpg,/home/workspace/CarND-Behavioral-Cloning-P3/data_eeshan/IMG/left_2020_05_31_16_20_54_128.jpg,/home/workspace/CarND-Behavioral-Cloning-P3/data_eeshan/IMG/right_2020_05_31_16_20_54_128.jpg,-0.05,0.07746577,0,7.181378
/home/workspace/CarND-Behavioral-Cloning-P3/data_eeshan/IMG/center_2020_05_31_16_20_54_207.jpg,/home/workspace/CarND-Behavioral-Cloning-P3/data_eeshan/IMG/left_2020_05_31_16_20_54_207.jpg,/home/workspace/CarND-Behavioral-Cloning-P3/data_eeshan/IMG/right_2020_05_31_16_20_54_207.jpg,-0.25,0,0,7.11434
/home/workspace/CarND-Behavioral-Cloning-P3/data_eeshan/IMG/center_2020_05_31_16_20_54_294.jpg,/home/workspace/CarND-Behavioral-Cloning-P3/data_eeshan/IMG/left_2020_05_31_16_20_54_294.jpg,/home/workspace/CarND-Behavioral-Cloning-P3/data_eeshan/IMG/right_2020_05_31_16_20_54_294.jpg,-0.4109902,0,0,7.008059
/home/workspace/CarND-Behavioral-Cloning-P3/data_eeshan/IMG/center_2020_05_31_16_20_54_381.jpg,/home/workspace/CarND-Behavioral-Cloning-P3/data_eeshan/IMG/left_2020_05_31_16_20_54_381.jpg,/home/workspace/CarND-Behavioral-Cloning-P3/data_eeshan/IMG/right_2020_05_31_16_20_54_381.jpg,-0.1490786,0,0,6.953179
/home/workspace/CarND-Behavioral-Cloning-P3/data_eeshan/IMG/center_2020_05_31_16_20_54_466.jpg,/home/workspace/CarND-Behavioral-Cloning-P3/data_eeshan/IMG/left_2020_05_31_16_20_54_466.jpg,/home/workspace/CarND-Behavioral-Cloning-P3/data_eeshan/IMG/right_2020_05_31_16_20_54_466.jpg,0,0,0,6.889005
/home/workspace/CarND-Behavioral-Cloning-P3/data_eeshan/IMG/center_2020_05_31_16_20_54_551.jpg,/home/workspace/CarND-Behavioral-Cloning-P3/data_eeshan/IMG/left_2020_05_31_16_20_54_551.jpg,/home/workspace/CarND-Behavioral-Cloning-P3/data_eeshan/IMG/right_2020_05_31_16_20_54_551.jpg,0,0,0,6.831386
/home/workspace/CarND-Behavioral-Cloning-P3/data_eeshan/IMG/center_2020_05_31_16_20_54_638.jpg,/home/workspace/CarND-Behavioral-Cloning-P3/data_eeshan/IMG/left_2020_05_31_16_20_54_638.jpg,/home/workspace/CarND-Behavioral-Cloning-P3/data_eeshan/IMG/right_2020_05_31_16_20_54_638.jpg,0,0,0,6.760794
/home/workspace/CarND-Behavioral-Cloning-P3/data_eeshan/IMG/center_2020_05_31_16_20_54_716.jpg,/home/workspace/CarND-Behavioral-Cloning-P3/data_eeshan/IMG/left_2020_05_31_16_20_54_716.jpg,/home/workspace/CarND-Behavioral-Cloning-P3/data_eeshan/IMG/right_2020_05_31_16_20_54_716.jpg,0,0,0,6.704875
/home/workspace/CarND-Behavioral-Cloning-P3/data_eeshan/IMG/center_2020_05_31_16_20_54_805.jpg,/home/workspace/CarND-Behavioral-Cloning-P3/data_eeshan/IMG/left_2020_05_31_16_20_54_805.jpg,/home/workspace/CarND-Behavioral-Cloning-P3/data_eeshan/IMG/right_2020_05_31_16_20_54_805.jpg,0,0,0,6.649409
/home/workspace/CarND-Behavioral-Cloning-P3/data_eeshan/IMG/center_2020_05_31_16_20_54_885.jpg,/home/workspace/CarND-Behavioral-Cloning-P3/data_eeshan/IMG/left_2020_05_31_16_20_54_885.jpg,/home/workspace/CarND-Behavioral-Cloning-P3/data_eeshan/IMG/right_2020_05_31_16_20_54_885.jpg,0,0,0,6.594388
/home/workspace/CarND-Behavioral-Cloning-P3/data_eeshan/IMG/center_2020_05_31_16_20_54_970.jpg,/home/workspace/CarND-Behavioral-Cloning-P3/data_eeshan/IMG/left_2020_05_31_16_20_54_970.jpg,/home/workspace/CarND-Behavioral-Cloning-P3/data_eeshan/IMG/right_2020_05_31_16_20_54_970.jpg,0,0,0,6.539809
/home/workspace/CarND-Behavioral-Cloning-P3/data_eeshan/IMG/center_2020_05_31_16_20_55_051.jpg,/home/workspace/CarND-Behavioral-Cloning-P3/data_eeshan/IMG/left_2020_05_31_16_20_55_051.jpg,/home/workspace/CarND-Behavioral-Cloning-P3/data_eeshan/IMG/right_2020_05_31_16_20_55_051.jpg,0,0,0,6.485672
/home/workspace/CarND-Behavioral-Cloning-P3/data_eeshan/IMG/center_2020_05_31_16_20_55_140.jpg,/home/workspace/CarND-Behavioral-Cloning-P3/data_eeshan/IMG/left_2020_05_31_16_20_55_140.jpg,/home/workspace/CarND-Behavioral-Cloning-P3/data_eeshan/IMG/right_2020_05_31_16_20_55_140.jpg,-0.15,0,0,6.41433
/home/workspace/CarND-Behavioral-Cloning-P3/data_eeshan/IMG/center_2020_05_31_16_20_55_228.jpg,/home/workspace/CarND-Behavioral-Cloning-P3/data_eeshan/IMG/left_2020_05_31_16_20_55_228.jpg,/home/workspace/CarND-Behavioral-Cloning-P3/data_eeshan/IMG/right_2020_05_31_16_20_55_228.jpg,-0.2640367,0,0,6.345273
/home/workspace/CarND-Behavioral-Cloning-P3/data_eeshan/IMG/center_2020_05_31_16_20_55_318.jpg,/home/workspace/CarND-Behavioral-Cloning-P3/data_eeshan/IMG/left_2020_05_31_16_20_55_318.jpg,/home/workspace/CarND-Behavioral-Cloning-P3/data_eeshan/IMG/right_2020_05_31_16_20_55_318.jpg,0,0,0,6.277124
/home/workspace/CarND-Behavioral-Cloning-P3/data_eeshan/IMG/center_2020_05_31_16_20_55_409.jpg,/home/workspace/CarND-Behavioral-Cloning-P3/data_eeshan/IMG/left_2020_05_31_16_20_55_409.jpg,/home/workspace/CarND-Behavioral-Cloning-P3/data_eeshan/IMG/right_2020_05_31_16_20_55_409.jpg,0,0,0,6.224219
/home/workspace/CarND-Behavioral-Cloning-P3/data_eeshan/IMG/center_2020_05_31_16_20_55_495.jpg,/home/workspace/CarND-Behavioral-Cloning-P3/data_eeshan/IMG/left_2020_05_31_16_20_55_495.jpg,/home/workspace/CarND-Behavioral-Cloning-P3/data_eeshan/IMG/right_2020_05_31_16_20_55_495.jpg,0,0,0,6.159822
/home/workspace/CarND-Behavioral-Cloning-P3/data_eeshan/IMG/center_2020_05_31_16_20_55_578.jpg,/home/workspace/CarND-Behavioral-Cloning-P3/data_eeshan/IMG/left_2020_05_31_16_20_55_578.jpg,/home/workspace/CarND-Behavioral-Cloning-P3/data_eeshan/IMG/right_2020_05_31_16_20_55_578.jpg,0,0,0,6.108821
/home/workspace/CarND-Behavioral-Cloning-P3/data_eeshan/IMG/center_2020_05_31_16_20_55_673.jpg,/home/workspace/CarND-Behavioral-Cloning-P3/data_eeshan/IMG/left_2020_05_31_16_20_55_673.jpg,/home/workspace/CarND-Behavioral-Cloning-P3/data_eeshan/IMG/right_2020_05_31_16_20_55_673.jpg,0,0,0,6.045651
/home/workspace/CarND-Behavioral-Cloning-P3/data_eeshan/IMG/center_2020_05_31_16_20_55_762.jpg,/home/workspace/CarND-Behavioral-Cloning-P3/data_eeshan/IMG/left_2020_05_31_16_20_55_762.jpg,/home/workspace/CarND-Behavioral-Cloning-P3/data_eeshan/IMG/right_2020_05_31_16_20_55_762.jpg,0,0,0,5.995572
/home/workspace/CarND-Behavioral-Cloning-P3/data_eeshan/IMG/center_2020_05_31_16_20_55_849.jpg,/home/workspace/CarND-Behavioral-Cloning-P3/data_eeshan/IMG/left_2020_05_31_16_20_55_849.jpg,/home/workspace/CarND-Behavioral-Cloning-P3/data_eeshan/IMG/right_2020_05_31_16_20_55_849.jpg,0,0,0,5.945896
/home/workspace/CarND-Behavioral-Cloning-P3/data_eeshan/IMG/center_2020_05_31_16_20_55_935.jpg,/home/workspace/CarND-Behavioral-Cloning-P3/data_eeshan/IMG/left_2020_05_31_16_20_55_935.jpg,/home/workspace/CarND-Behavioral-Cloning-P3/data_eeshan/IMG/right_2020_05_31_16_20_55_935.jpg,0,0,0,5.884361
/home/workspace/CarND-Behavioral-Cloning-P3/data_eeshan/IMG/center_2020_05_31_16_20_56_029.jpg,/home/workspace/CarND-Behavioral-Cloning-P3/data_eeshan/IMG/left_2020_05_31_16_20_56_029.jpg,/home/workspace/CarND-Behavioral-Cloning-P3/data_eeshan/IMG/right_2020_05_31_16_20_56_029.jpg,-0.05,0,0,5.835197
/home/workspace/CarND-Behavioral-Cloning-P3/data_eeshan/IMG/center_2020_05_31_16_20_56_108.jpg,/home/workspace/CarND-Behavioral-Cloning-P3/data_eeshan/IMG/left_2020_05_31_16_20_56_108.jpg,/home/workspace/CarND-Behavioral-Cloning-P3/data_eeshan/IMG/right_2020_05_31_16_20_56_108.jpg,-0.25,0,0,5.775507
/home/workspace/CarND-Behavioral-Cloning-P3/data_eeshan/IMG/center_2020_05_31_16_20_56_191.jpg,/home/workspace/CarND-Behavioral-Cloning-P3/data_eeshan/IMG/left_2020_05_31_16_20_56_191.jpg,/home/workspace/CarND-Behavioral-Cloning-P3/data_eeshan/IMG/right_2020_05_31_16_20_56_191.jpg,-0.09285021,0,0,5.724144
/home/workspace/CarND-Behavioral-Cloning-P3/data_eeshan/IMG/center_2020_05_31_16_20_56_282.jpg,/home/workspace/CarND-Behavioral-Cloning-P3/data_eeshan/IMG/left_2020_05_31_16_20_56_282.jpg,/home/workspace/CarND-Behavioral-Cloning-P3/data_eeshan/IMG/right_2020_05_31_16_20_56_282.jpg,0,0,0,5.661224
/home/workspace/CarND-Behavioral-Cloning-P3/data_eeshan/IMG/center_2020_05_31_16_20_56_367.jpg,/home/workspace/CarND-Behavioral-Cloning-P3/data_eeshan/IMG/left_2020_05_31_16_20_56_367.jpg,/home/workspace/CarND-Behavioral-Cloning-P3/data_eeshan/IMG/right_2020_05_31_16_20_56_367.jpg,0,0,0,5.614197
/home/workspace/CarND-Behavioral-Cloning-P3/data_eeshan/IMG/center_2020_05_31_16_20_56_459.jpg,/home/workspace/CarND-Behavioral-Cloning-P3/data_eeshan/IMG/left_2020_05_31_16_20_56_459.jpg,/home/workspace/CarND-Behavioral-Cloning-P3/data_eeshan/IMG/right_2020_05_31_16_20_56_459.jpg,-0.25,0,0,5.545113
/home/workspace/CarND-Behavioral-Cloning-P3/data_eeshan/IMG/center_2020_05_31_16_20_56_549.jpg,/home/workspace/CarND-Behavioral-Cloning-P3/data_eeshan/IMG/left_2020_05_31_16_20_56_549.jpg,/home/workspace/CarND-Behavioral-Cloning-P3/data_eeshan/IMG/right_2020_05_31_16_20_56_549.jpg,-0.45,0,0,5.474656
/home/workspace/CarND-Behavioral-Cloning-P3/data_eeshan/IMG/center_2020_05_31_16_20_56_637.jpg,/home/workspace/CarND-Behavioral-Cloning-P3/data_eeshan/IMG/left_2020_05_31_16_20_56_637.jpg,/home/workspace/CarND-Behavioral-Cloning-P3/data_eeshan/IMG/right_2020_05_31_16_20_56_637.jpg,-0.2846611,0,0,5.415845
/home/workspace/CarND-Behavioral-Cloning-P3/data_eeshan/IMG/center_2020_05_31_16_20_56_729.jpg,/home/workspace/CarND-Behavioral-Cloning-P3/data_eeshan/IMG/left_2020_05_31_16_20_56_729.jpg,/home/workspace/CarND-Behavioral-Cloning-P3/data_eeshan/IMG/right_2020_05_31_16_20_56_729.jpg,-0.007974386,0,0,5.367935
/home/workspace/CarND-Behavioral-Cloning-P3/data_eeshan/IMG/center_2020_05_31_16_20_56_815.jpg,/home/workspace/CarND-Behavioral-Cloning-P3/data_eeshan/IMG/left_2020_05_31_16_20_56_815.jpg,/home/workspace/CarND-Behavioral-Cloning-P3/data_eeshan/IMG/right_2020_05_31_16_20_56_815.jpg,0,0,0,5.310519
/home/workspace/CarND-Behavioral-Cloning-P3/data_eeshan/IMG/center_2020_05_31_16_20_56_908.jpg,/home/workspace/CarND-Behavioral-Cloning-P3/data_eeshan/IMG/left_2020_05_31_16_20_56_908.jpg,/home/workspace/CarND-Behavioral-Cloning-P3/data_eeshan/IMG/right_2020_05_31_16_20_56_908.jpg,0,0,0,5.266568
/home/workspace/CarND-Behavioral-Cloning-P3/data_eeshan/IMG/center_2020_05_31_16_20_57_003.jpg,/home/workspace/CarND-Behavioral-Cloning-P3/data_eeshan/IMG/left_2020_05_31_16_20_57_003.jpg,/home/workspace/CarND-Behavioral-Cloning-P3/data_eeshan/IMG/right_2020_05_31_16_20_57_003.jpg,0,0,0,5.212178
/home/workspace/CarND-Behavioral-Cloning-P3/data_eeshan/IMG/center_2020_05_31_16_20_57_087.jpg,/home/workspace/CarND-Behavioral-Cloning-P3/data_eeshan/IMG/left_2020_05_31_16_20_57_087.jpg,/home/workspace/CarND-Behavioral-Cloning-P3/data_eeshan/IMG/right_2020_05_31_16_20_57_087.jpg,0,0,0,5.169062
/home/workspace/CarND-Behavioral-Cloning-P3/data_eeshan/IMG/center_2020_05_31_16_20_57_175.jpg,/home/workspace/CarND-Behavioral-Cloning-P3/data_eeshan/IMG/left_2020_05_31_16_20_57_175.jpg,/home/workspace/CarND-Behavioral-Cloning-P3/data_eeshan/IMG/right_2020_05_31_16_20_57_175.jpg,0.15,0,0,5.111624
/home/workspace/CarND-Behavioral-Cloning-P3/data_eeshan/IMG/center_2020_05_31_16_20_57_260.jpg,/home/workspace/CarND-Behavioral-Cloning-P3/data_eeshan/IMG/left_2020_05_31_16_20_57_260.jpg,/home/workspace/CarND-Behavioral-Cloning-P3/data_eeshan/IMG/right_2020_05_31_16_20_57_260.jpg,0.35,0,0,5.051503
/home/workspace/CarND-Behavioral-Cloning-P3/data_eeshan/IMG/center_2020_05_31_16_20_57_346.jpg,/home/workspace/CarND-Behavioral-Cloning-P3/data_eeshan/IMG/left_2020_05_31_16_20_57_346.jpg,/home/workspace/CarND-Behavioral-Cloning-P3/data_eeshan/IMG/right_2020_05_31_16_20_57_346.jpg,0.5286419,0,0,4.982063
/home/workspace/CarND-Behavioral-Cloning-P3/data_eeshan/IMG/center_2020_05_31_16_20_57_430.jpg,/home/workspace/CarND-Behavioral-Cloning-P3/data_eeshan/IMG/left_2020_05_31_16_20_57_430.jpg,/home/workspace/CarND-Behavioral-Cloning-P3/data_eeshan/IMG/right_2020_05_31_16_20_57_430.jpg,0.2770536,0,0,4.944488
/home/workspace/CarND-Behavioral-Cloning-P3/data_eeshan/IMG/center_2020_05_31_16_20_57_519.jpg,/home/workspace/CarND-Behavioral-Cloning-P3/data_eeshan/IMG/left_2020_05_31_16_20_57_519.jpg,/home/workspace/CarND-Behavioral-Cloning-P3/data_eeshan/IMG/right_2020_05_31_16_20_57_519.jpg,0.01033258,0,0,4.889988
/home/workspace/CarND-Behavioral-Cloning-P3/data_eeshan/IMG/center_2020_05_31_16_20_57_610.jpg,/home/workspace/CarND-Behavioral-Cloning-P3/data_eeshan/IMG/left_2020_05_31_16_20_57_610.jpg,/home/workspace/CarND-Behavioral-Cloning-P3/data_eeshan/IMG/right_2020_05_31_16_20_57_610.jpg,0,0,0,4.848316
/home/workspace/CarND-Behavioral-Cloning-P3/data_eeshan/IMG/center_2020_05_31_16_20_57_704.jpg,/home/workspace/CarND-Behavioral-Cloning-P3/data_eeshan/IMG/left_2020_05_31_16_20_57_704.jpg,/home/workspace/CarND-Behavioral-Cloning-P3/data_eeshan/IMG/right_2020_05_31_16_20_57_704.jpg,0,0,0,4.797846
/home/workspace/CarND-Behavioral-Cloning-P3/data_eeshan/IMG/center_2020_05_31_16_20_57_793.jpg,/home/workspace/CarND-Behavioral-Cloning-P3/data_eeshan/IMG/left_2020_05_31_16_20_57_793.jpg,/home/workspace/CarND-Behavioral-Cloning-P3/data_eeshan/IMG/right_2020_05_31_16_20_57_793.jpg,0,0,0,4.747902
/home/workspace/CarND-Behavioral-Cloning-P3/data_eeshan/IMG/center_2020_05_31_16_20_57_878.jpg,/home/workspace/CarND-Behavioral-Cloning-P3/data_eeshan/IMG/left_2020_05_31_16_20_57_878.jpg,/home/workspace/CarND-Behavioral-Cloning-P3/data_eeshan/IMG/right_2020_05_31_16_20_57_878.jpg,0,0,0,4.708307
/home/workspace/CarND-Behavioral-Cloning-P3/data_eeshan/IMG/center_2020_05_31_16_20_57_969.jpg,/home/workspace/CarND-Behavioral-Cloning-P3/data_eeshan/IMG/left_2020_05_31_16_20_57_969.jpg,/home/workspace/CarND-Behavioral-Cloning-P3/data_eeshan/IMG/right_2020_05_31_16_20_57_969.jpg,0,0,0,4.669031
/home/workspace/CarND-Behavioral-Cloning-P3/data_eeshan/IMG/center_2020_05_31_16_20_58_054.jpg,/home/workspace/CarND-Behavioral-Cloning-P3/data_eeshan/IMG/left_2020_05_31_16_20_58_054.jpg,/home/workspace/CarND-Behavioral-Cloning-P3/data_eeshan/IMG/right_2020_05_31_16_20_58_054.jpg,0,0,0,4.620378
/home/workspace/CarND-Behavioral-Cloning-P3/data_eeshan/IMG/center_2020_05_31_16_20_58_141.jpg,/home/workspace/CarND-Behavioral-Cloning-P3/data_eeshan/IMG/left_2020_05_31_16_20_58_141.jpg,/home/workspace/CarND-Behavioral-Cloning-P3/data_eeshan/IMG/right_2020_05_31_16_20_58_141.jpg,0,0,0,4.581808
/home/workspace/CarND-Behavioral-Cloning-P3/data_eeshan/IMG/center_2020_05_31_16_20_58_233.jpg,/home/workspace/CarND-Behavioral-Cloning-P3/data_eeshan/IMG/left_2020_05_31_16_20_58_233.jpg,/home/workspace/CarND-Behavioral-Cloning-P3/data_eeshan/IMG/right_2020_05_31_16_20_58_233.jpg,0,0,0,4.534032
/home/workspace/CarND-Behavioral-Cloning-P3/data_eeshan/IMG/center_2020_05_31_16_20_58_321.jpg,/home/workspace/CarND-Behavioral-Cloning-P3/data_eeshan/IMG/left_2020_05_31_16_20_58_321.jpg,/home/workspace/CarND-Behavioral-Cloning-P3/data_eeshan/IMG/right_2020_05_31_16_20_58_321.jpg,0,0,0,4.496157
/home/workspace/CarND-Behavioral-Cloning-P3/data_eeshan/IMG/center_2020_05_31_16_20_58_406.jpg,/home/workspace/CarND-Behavioral-Cloning-P3/data_eeshan/IMG/left_2020_05_31_16_20_58_406.jpg,/home/workspace/CarND-Behavioral-Cloning-P3/data_eeshan/IMG/right_2020_05_31_16_20_58_406.jpg,-0.2,0,0,4.452716
/home/workspace/CarND-Behavioral-Cloning-P3/data_eeshan/IMG/center_2020_05_31_16_20_58_492.jpg,/home/workspace/CarND-Behavioral-Cloning-P3/data_eeshan/IMG/left_2020_05_31_16_20_58_492.jpg,/home/workspace/CarND-Behavioral-Cloning-P3/data_eeshan/IMG/right_2020_05_31_16_20_58_492.jpg,0,0,0,4.413819
/home/workspace/CarND-Behavioral-Cloning-P3/data_eeshan/IMG/center_2020_05_31_16_20_58_581.jpg,/home/workspace/CarND-Behavioral-Cloning-P3/data_eeshan/IMG/left_2020_05_31_16_20_58_581.jpg,/home/workspace/CarND-Behavioral-Cloning-P3/data_eeshan/IMG/right_2020_05_31_16_20_58_581.jpg,0,0,0,4.366978
/home/workspace/CarND-Behavioral-Cloning-P3/data_eeshan/IMG/center_2020_05_31_16_20_58_666.jpg,/home/workspace/CarND-Behavioral-Cloning-P3/data_eeshan/IMG/left_2020_05_31_16_20_58_666.jpg,/home/workspace/CarND-Behavioral-Cloning-P3/data_eeshan/IMG/right_2020_05_31_16_20_58_666.jpg,0,0,0,4.330463
/home/workspace/CarND-Behavioral-Cloning-P3/data_eeshan/IMG/center_2020_05_31_16_20_58_754.jpg,/home/workspace/CarND-Behavioral-Cloning-P3/data_eeshan/IMG/left_2020_05_31_16_20_58_754.jpg,/home/workspace/CarND-Behavioral-Cloning-P3/data_eeshan/IMG/right_2020_05_31_16_20_58_754.jpg,0,0,0,4.285248
/home/workspace/CarND-Behavioral-Cloning-P3/data_eeshan/IMG/center_2020_05_31_16_20_58_841.jpg,/home/workspace/CarND-Behavioral-Cloning-P3/data_eeshan/IMG/left_2020_05_31_16_20_58_841.jpg,/home/workspace/CarND-Behavioral-Cloning-P3/data_eeshan/IMG/right_2020_05_31_16_20_58_841.jpg,0,0,0,4.249403
/home/workspace/CarND-Behavioral-Cloning-P3/data_eeshan/IMG/center_2020_05_31_16_20_58_927.jpg,/home/workspace/CarND-Behavioral-Cloning-P3/data_eeshan/IMG/left_2020_05_31_16_20_58_927.jpg,/home/workspace/CarND-Behavioral-Cloning-P3/data_eeshan/IMG/right_2020_05_31_16_20_58_927.jpg,0,0,0,4.213848
/home/workspace/CarND-Behavioral-Cloning-P3/data_eeshan/IMG/center_2020_05_31_16_20_59_021.jpg,/home/workspace/CarND-Behavioral-Cloning-P3/data_eeshan/IMG/left_2020_05_31_16_20_59_021.jpg,/home/workspace/CarND-Behavioral-Cloning-P3/data_eeshan/IMG/right_2020_05_31_16_20_59_021.jpg,0,0,0,4.169805
/home/workspace/CarND-Behavioral-Cloning-P3/data_eeshan/IMG/center_2020_05_31_16_20_59_112.jpg,/home/workspace/CarND-Behavioral-Cloning-P3/data_eeshan/IMG/left_2020_05_31_16_20_59_112.jpg,/home/workspace/CarND-Behavioral-Cloning-P3/data_eeshan/IMG/right_2020_05_31_16_20_59_112.jpg,0,0,0,4.134889
/home/workspace/CarND-Behavioral-Cloning-P3/data_eeshan/IMG/center_2020_05_31_16_20_59_194.jpg,/home/workspace/CarND-Behavioral-Cloning-P3/data_eeshan/IMG/left_2020_05_31_16_20_59_194.jpg,/home/workspace/CarND-Behavioral-Cloning-P3/data_eeshan/IMG/right_2020_05_31_16_20_59_194.jpg,0,0,0,4.091639
/home/workspace/CarND-Behavioral-Cloning-P3/data_eeshan/IMG/center_2020_05_31_16_20_59_280.jpg,/home/workspace/CarND-Behavioral-Cloning-P3/data_eeshan/IMG/left_2020_05_31_16_20_59_280.jpg,/home/workspace/CarND-Behavioral-Cloning-P3/data_eeshan/IMG/right_2020_05_31_16_20_59_280.jpg,0,0,0,4.057351
/home/workspace/CarND-Behavioral-Cloning-P3/data_eeshan/IMG/center_2020_05_31_16_20_59_365.jpg,/home/workspace/CarND-Behavioral-Cloning-P3/data_eeshan/IMG/left_2020_05_31_16_20_59_365.jpg,/home/workspace/CarND-Behavioral-Cloning-P3/data_eeshan/IMG/right_2020_05_31_16_20_59_365.jpg,0,0,0,4.023339
/home/workspace/CarND-Behavioral-Cloning-P3/data_eeshan/IMG/center_2020_05_31_16_20_59_458.jpg,/home/workspace/CarND-Behavioral-Cloning-P3/data_eeshan/IMG/left_2020_05_31_16_20_59_458.jpg,/home/workspace/CarND-Behavioral-Cloning-P3/data_eeshan/IMG/right_2020_05_31_16_20_59_458.jpg,0,0,0,3.981209
/home/workspace/CarND-Behavioral-Cloning-P3/data_eeshan/IMG/center_2020_05_31_16_20_59_546.jpg,/home/workspace/CarND-Behavioral-Cloning-P3/data_eeshan/IMG/left_2020_05_31_16_20_59_546.jpg,/home/workspace/CarND-Behavioral-Cloning-P3/data_eeshan/IMG/right_2020_05_31_16_20_59_546.jpg,0,0,0,3.947809
/home/workspace/CarND-Behavioral-Cloning-P3/data_eeshan/IMG/center_2020_05_31_16_20_59_638.jpg,/home/workspace/CarND-Behavioral-Cloning-P3/data_eeshan/IMG/left_2020_05_31_16_20_59_638.jpg,/home/workspace/CarND-Behavioral-Cloning-P3/data_eeshan/IMG/right_2020_05_31_16_20_59_638.jpg,0,0,0,3.906437
/home/workspace/CarND-Behavioral-Cloning-P3/data_eeshan/IMG/center_2020_05_31_16_20_59_731.jpg,/home/workspace/CarND-Behavioral-Cloning-P3/data_eeshan/IMG/left_2020_05_31_16_20_59_731.jpg,/home/workspace/CarND-Behavioral-Cloning-P3/data_eeshan/IMG/right_2020_05_31_16_20_59_731.jpg,0,0,0,3.873637
/home/workspace/CarND-Behavioral-Cloning-P3/data_eeshan/IMG/center_2020_05_31_16_20_59_827.jpg,/home/workspace/CarND-Behavioral-Cloning-P3/data_eeshan/IMG/left_2020_05_31_16_20_59_827.jpg,/home/workspace/CarND-Behavioral-Cloning-P3/data_eeshan/IMG/right_2020_05_31_16_20_59_827.jpg,0,0,0,3.83301
/home/workspace/CarND-Behavioral-Cloning-P3/data_eeshan/IMG/center_2020_05_31_16_21_00_027.jpg,/home/workspace/CarND-Behavioral-Cloning-P3/data_eeshan/IMG/left_2020_05_31_16_21_00_027.jpg,/home/workspace/CarND-Behavioral-Cloning-P3/data_eeshan/IMG/right_2020_05_31_16_21_00_027.jpg,0,0,0,3.775939
